Pulsus Crimson,0,0,0,0,0,0,0,0,0,0,0,0,0,0,0,0,0,0,0,0,0,0,0,0,0,0,0,0,0,0,0,0,0,0,0,0,0,0
Clockwork Grey,0,0,0,0,0,0,0,0,0,0,0,0,0,0,0,0,0,0,0,0,0,0,0,0,0,0,0,0,0,0,0,0,0,0,0,0,0,0
Imperator DT5 Saffron,0,0,0,0,0,0,0,0,0,0,0,0,0,0,0,0,0,0,0,0,0,0,0,0,0,0,0,0,0,0,0,0,0,0,0,0,0,0
ARA-51 Lime,0,0,0,0,0,0,0,0,0,0,0,0,0,0,0,0,0,0,0,0,0,0,0,0,0,0,0,0,0,0,0,0,0,0,0,0,0,0
Nipper,0,0.0454545454545,0.05,0,1.0,0.0625,0.111111111111,0.0952380952381,0.166666666667,0.5,1.5,1.5,0.666666666667,0.666666666667,1.0,1.8,1.6,1.33333333333,1.28571428571,1.28571428571,0.25,0.5,0,0,2.5,3.66666666667,0.0625,0,0.125,0.4,0,0.5,0.166666666667,0.333333333333,0.5,0,0,0
Octane Sky Blue,0,0,0,0,0,0,0,0,0,0,0,0,0,0,0,0,0,0,0,0,0,0,0,0,0,0,0,0,0,0,0,0,0,0,0,0,0,0
Octane Crimson,0,0,0,0,0,0,0,0,0,0,0,0,0,0,0,0,0,0,0,0,0,0,0,0,0,0,0,0,0,0,0,0,0,0,0,0,0,0
Octane Grey,0,0,0,0,0,0,0,0,0,0,0,0,0,0,0,0,0,0,0,0,0,0,0,0,0,0,0,0,0,0,0,0,0,0,0,0,0,0
Octane Burnt Sienna,0,0,0,0,0,0,0,0,0,0,0,0,0,0,0,0,0,0,0,0,0,0,0,0,0,0,0,0,0,0,0,0,0,0,0,0,0,0
Player’s Choice Crate 1,5.0,3.925,3.24444444444,2.54166666667,10.45,8.26923076923,5.75,4.78125,4.03225806452,3.43243243243,3.12195121951,3.125,2.58333333333,2.18181818182,1.90322580645,2.90322580645,4.02173913043,4.02325581395,4.75,9.16666666667,5.0625,5.34782608696,4.8064516129,2.76744186047,2.13333333333,9.09090909091,5.35294117647,6.04761904762,6.81818181818,2.37179487179,1.75609756098,2.29411764706,1.35416666667,2.94871794872,8.23076923077,14.5,4.79487179487,2.26923076923
Triumph Crate,0.399293286219,0.456869009585,0.42671009772,0.432343234323,0.460966542751,0.464406779661,0.71320754717,0.364130434783,0.436363636364,0.424028268551,0.3264604811,0.176666666667,0.259541984733,0.428571428571,0.635761589404,0.513089005236,0.628571428571,0.432291666667,0.494318181818,0.319796954315,0.297142857143,0.232653061224,0.185567010309,0.273615635179,0.765217391304,0.390532544379,0.552941176471,0.581005586592,0.655629139073,0.736842105263,0.483870967742,0.369047619048,0.422043010753,0.776470588235,0.252669039146,0.228501228501,0.380952380952,0.574712643678
FSL Titanium White,0,0,0,0,0,0,0,0,0,0,0,0,0,0,0,0,0,0,0,0,0,0,0,0,0,0,0,0,0,0,0,0,0,0,0,0,0,0
Spiralis Titanium White,0,0,0,0,0,0,0,0,0,0,0,0,0,0,0,0,0,0,0,0,0,0,0,0,0,0,0,0,0,0,0,0,0,0,0,0,0,0
Spiralis Crimson,0,0,0,0,0,0,0,0,0,0,0,0,0,0,0,0,0,0,0,0,0,0,0,0,0,0,0,0,0,0,0,0,0,0,0,0,0,0
Zomba Grey,0,0,0,0,0,0,0,0,0,0,0,0,0,0,0,0,0,0,0,0,0,0,0,0,0,0,0,0,0,0,0,0,0,0,0,0,0,0
Apex,1.28571428571,2.8,4.0,3.4,2.33333333333,1.71428571429,1.33333333333,7.0,5.33333333333,6.66666666667,9.33333333333,11.0,10.0,9.5,8.5,9.0,6.0,8.0,0,5.0,3.66666666667,2.75,2.75,5.5,4.0,12.0,16.5,15.5,15.0,6.0,1.8,2.71428571429,2.71428571429,2.6,1.0,1.83333333333,4.0,4.0
Gaiden Forest Green,0,0,0,0,0,0,0,0,0,0,0,0,0,0,0,0,0,0,0,0,0,0,0,0,0,0,0,0,0,0,0,0,0,0,0,0,0,0
Samurai Pink,0,0,0,0,0,0,0,0,0,0,0,0,0,0,0,0,0,0,0,0,0,0,0,0,0,0,0,0,0,0,0,0,0,0,0,0,0,0
Toon Sketch Lime,0,0,0,0,0,0,0,0,0,0,0,0,0,0,0,0,0,0,0,0,0,0,0,0,0,0,0,0,0,0,0,0,0,0,0,0,0,0
Vector,0,0,0,0,0,0,0,0,0,0,0,0,0,0,0,0,0,0,0,0,0,0,0,0,0,0,0,0,0,0,0,0,0,0,0,0,0,0
Snakeskin,0,0,0,0,0,0,0,0.0769230769231,0.0909090909091,0.0714285714286,0.142857142857,0.125,0,0,0,0,0,0,0,0,0,0,0,0,0,0,0,0,0,0,0,0,0,0.5,0,0,0,0
Septem Grey,0,0,0,0,0,0,0,0,0,0,0,0,0,0,0,0,0,0,0,0,0,0,0,0,0,0,0,0,0,0,0,0,0,0,0,0,0,0
Foam Hat Forest Green,0,0,0,0,0,0,0,0,0,0,0,0,0,0,0,0,0,0,0,0,0,0,0,0,0,0,0,0,0,0,0,0,0,0,0,0,0,0
Comet Cobalt,0,0,0,0,0,0,0,0,0,0,0,0,0,0,0,0,0,0,0,0,0,0,0,0,0,0,0,0,0,0,0,0,0,0,0,0,0,0
Draco,3.14285714286,4.14285714286,8.0,5.66666666667,5.28571428571,4.5,8.0,8.25,12.6666666667,8.2,6.0,2.81818181818,2.0,2.09090909091,1.66666666667,1.23076923077,1.07142857143,1.63636363636,1.6,2.77777777778,3.71428571429,4.83333333333,2.28571428571,3.5,2.0,2.2,6.0,7.75,6.75,5.2,3.5,5.75,8.0,4.25,5.14285714286,3.16666666667,4.0,4.0
Xenosplash,0,0,0,0,0,0,0,0,0,0,0,0,0,0,0,0,0,0,0,0,0,0,0,0,0.2,0.5,0.5,0,0,0,0,0,0,0,0,0,0,0
Salty,0,0,0,0,0.5,2.5,2.5,4.0,3.0,0,0,0,1.0,1.0,1.0,1.0,1.0,0,0,0,1.0,2.0,2.0,1.0,2.0,1.0,0,0.666666666667,0.333333333333,0,0,0,0,0,0,0,0,0
Shooting Star,0,0,0,0,0,0,0,0,0,0,0,0,0,0,0,0,0,0,0,0,0,0,0,0,0,0,0,0,0,0,0,0,0,0,0,0,0,0
WWE WrestleMania 34,0,0,0,0,1.0,0.5,0.5,0.5,0.5,0.5,0,0,0,0,0,0,0,0,0,0,0,0,0,0,0,0,0,0,0,0,1.0,1.0,0,1.0,0,0,0,0
Tagged,0,0,0,0,0,0,0,0,0,0,0,0,0,0,0,0,0,0,0,0,0,0,0,0,0,0,0,0,0,0,0,0,0,0,0.5,0,0,0
Endo Saffron,0,0,0,0,0,0,0,0,0,0,0,0,0,0,0,0,0,0,0,0,0,0,0,0,0,0,0,0,0,0,0,0,0,0,0,0,0,0
Little Bow Grey,0,0,0,0,0,0,0,0,0,0,0,0,0,0,0,0,0,0,0,0,0,0,0,0,0,0,0,0,0,0,0,0,0,0,0,0,0,0
Friction,0,0,0,0,0,0,0,0,0,0,0,0,0,0,0,0,0,0,0,0,0,0,0,0,0,0,0,0,0,0,0,0,0,0,0,0,0,0
Lone Wolf Cobalt,0,0,0,0,0,0,0,0,0,0,0,0,0,0,0,0,0,0,0,0,0,0,0,0,0,0,0,0,0,0,0,0,0,0,0,0,0,0
Centio V17,0.25,0,0,0.333333333333,0.333333333333,1.0,1.5,2.0,0.4,0.5,0,0,0,0,0.25,0.25,0.5,0.4,0.333333333333,0.333333333333,0.666666666667,0.5,1.0,1.0,0.25,0.2,0.5,0.333333333333,0,0.333333333333,0,0,0,0,0,0,0,0
WWE,0,0,0,0,0,0,0,0,0,0,0,0,0,0,0,0,0,0,0,0,0,0,0,0.2,0.2,0.333333333333,0,0,0,0,0.5,0.2,0,0.25,0,0,0,0
Werewolf Titanium White,0,0,0,0,0,0,0,0,0,0,0,0,0,0,0,0,0,0,0,0,0,0,0,0,0,0,0,0,0,0,0,0,0,0,0,0,0,0
Halo Pink,0,0,0,0,0,0,0,0,0,0,0,0,0,0,0,0,0,0,0,0,0,0,0,0,0,0,0,0,0,0,0,0,0,0,0,0,0,0
Kalos,0.5,0,0,0.2,0.4,0.5,0,0.5,0.5,0.5,0.5,0.5,0.5,0,0,0,0,0.666666666667,0.5,0.666666666667,1.0,1.0,1.75,1.0,0.142857142857,0,0,0,0.25,0.5,0,0,0,0,2.0,0,0,0
Sparkles Saffron,0,0,0,0,0,0,0,0,0,0,0,0,0,0,0,0,0,0,0,0,0,0,0,0,0,0,0,0,0,0,0,0,0,0,0,0,0,0
Unicorn Forest Green,0,0,0,0,0,0,0,0,0,0,0,0,0,0,0,0,0,0,0,0,0,0,0,0,0,0,0,0,0,0,0,0,0,0,0,0,0,0
Mariachi Hat Titanium White,0,0,0,0,0,0,0,0,0,0,0,0,0,0,0,0,0,0,0,0,0,0,0,0,0,0,0,0,0,0,0,0,0,0,0,0,0,0
Biomass,1.26923076923,1.0,1.48148148148,3.07142857143,2.11764705882,1.57142857143,1.69565217391,1.54545454545,1.61904761905,1.34615384615,1.2962962963,1.5,1.30434782609,0.964285714286,0.884615384615,1.08695652174,1.04166666667,1.10714285714,1.38095238095,2.76923076923,2.0,1.88235294118,1.66666666667,1.09090909091,1.46666666667,3.0,2.07692307692,0.95,0.875,1.125,1.65384615385,1.65217391304,1.14814814815,1.52380952381,2.17647058824,0.777777777778,0.96875,1.90909090909
Tora,2.25,3.9,4.08333333333,2.83333333333,2.1875,2.07142857143,3.0,3.33333333333,2.5,3.0,1.90909090909,2.11111111111,2.22222222222,1.30769230769,1.41666666667,1.72727272727,2.0,2.6,2.66666666667,2.77777777778,3.57142857143,2.2,2.875,2.0,3.09090909091,4.3,2.64285714286,0.809523809524,1.8125,1.64705882353,1.11111111111,1.47368421053,2.05882352941,2.75,2.07692307692,1.47368421053,1.15384615385,2.22222222222
Aether Sky Blue,0,0,0,0,0,0,0,0,0,0,0,0,0,0,0,0,0,0,0,0,0,0,0,0,0,0,0,0,0,0,0,0,0,0,0,0,0,0
Nipper Cobalt,0,0,0,0,0,0,0,0,0,0,0,0,0,0,0,0,0,0,0,0,0,0,0,0,0,0,0,0,0,0,0,0,0,0,0,0,0,0
Wonderment Forest Green,0,0,0,0,0,0,0,0,0,0,0,0,0,0,0,0,0,0,0,0,0,0,0,0,0,0,0,0,0,0,0,0,0,0,0,0,0,0
Voltaic Crimson,0,0,0,0,0,0,0,0,0,0,0,0,0,0,0,0,0,0,0,0,0,0,0,0,0,0,0,0,0,0,0,0,0,0,0,0,0,0
Spiralis Forest Green,0,0,0,0,0,0,0,0,0,0,0,0,0,0,0,0,0,0,0,0,0,0,0,0,0,0,0,0,0,0,0,0,0,0,0,0,0,0
Octane Purple,0,0,0,0,0,0,0,0,0,0,0,0,0,0,0,0,0,0,0,0,0,0,0,0,0,0,0,0,0,0,0,0,0,0,0,0,0,0
Draco Purple,0,0,0,0,0,0,0,0,0,0,0,0,0,0,0,0,0,0,0,0,0,0,0,0,0,0,0,0,0,0,0,0,0,0,0,0,0,0
Equalizer Black,0,0,0,0,0,0,0,0,0,0,0,0,0,0,0,0,0,0,0,0,0,0,0,0,0,0,0,0,0,0,0,0,0,0,0,0,0,0
Comet,1.0,0.5,1.0,0,0,0,0,0,0,1.0,0,2.0,2.0,3.0,2.0,0,3.0,1.0,1.5,1.0,2.0,0.5,0,0,0,0,0,1.0,0,2.0,2.0,4.0,4.0,0,0,0,1.0,1.5
Lightning Sky Blue,0,0,0,0,0,0,0,0,0,0,0,0,0,0,0,0,0,0,0,0,0,0,0,0,0,0,0,0,0,0,0,0,0,0,0,0,0,0
Toon Sketch Purple,0,0,0,0,0,0,0,0,0,0,0,0,0,0,0,0,0,0,0,0,0,0,0,0,0,0,0,0,0,0,0,0,0,0,0,0,0,0
Toon Sketch Cobalt,0,0,0,0,0,0,0,0,0,0,0,0,0,0,0,0,0,0,0,0,0,0,0,0,0,0,0,0,0,0,0,0,0,0,0,0,0,0
Atomizer,1.0,0.5,1.0,1.66666666667,1.2,0.833333333333,1.2,1.4,1.4,1.5,1.66666666667,1.25,1.0,0.5,0.4,0.6,0.6,0.4,0.333333333333,0.25,0.333333333333,0.833333333333,0.833333333333,1.0,1.0,0.4,0.857142857143,0.857142857143,0.833333333333,0.714285714286,0.666666666667,1.33333333333,4.0,0.6,2.0,1.0,1.0,0.5
Labyrinth,2.625,3.125,3.1,2.0,1.42857142857,1.58333333333,2.3,2.44444444444,1.81818181818,1.61538461538,1.4375,1.4375,1.6,1.22222222222,1.6,1.66666666667,1.91666666667,1.75,1.28571428571,2.77777777778,2.3,1.85714285714,1.72222222222,1.86666666667,2.41666666667,2.375,2.125,2.33333333333,1.72727272727,1.36363636364,1.8125,3.2,7.0,3.83333333333,2.875,0.857142857143,0.541666666667,1.66666666667
Offer,8.38461538462,13.6842105263,16.1875,17.0,14.125,12.0,10.4210526316,8.52631578947,10.7777777778,9.61904761905,11.45,11.1904761905,15.1176470588,16.875,26.2,39.8571428571,45.8571428571,45.5714285714,30.9,32.8888888889,26.1666666667,23.1,21.6666666667,17.75,24.1666666667,47.8333333333,8.62962962963,7.5,6.96875,9.65384615385,10.375,12.4444444444,20.6363636364,10.64,8.28571428571,8.1724137931,21.4545454545,13.8
Butterflies,0,0,0,0,0,0,0,0,0.2,0.166666666667,0.166666666667,0.2,0.25,0.25,0,0,0,0,0,0,0,0,0,0,0,0,0,0,0,0,0,0,0,0,0,0,0,0
Doughnut Purple,0,0,0,0,0,0,0,0,0,0,0,0,0,0,0,0,0,0,0,0,0,0,0,0,0,0,0,0,0,0,0,0,0,0,0,0,0,0
Fantasmo,0.333333333333,0,0,1.0,0.666666666667,0,0,0,0,0,0,0,0,0,0,0,0,0,0,0,0,0,0,0,0,0,0,0,0,0,0,0,0,0,0,0,0,0
Hammerhead,0,0,0,0,0,0,0,0,0,0,0,0,0,0,0,0,0,0,0,0,0,0,0,0,0,0,0,0,0,0,0,0,0,0,0,0,0,0
Hexphase,0,0,0,0,0.5,0.5,1.0,0.25,0.25,0.2,0.25,0,0,0,0,0,0,0,0,0,0,0,0,0,0,0.5,0.666666666667,1.0,0.333333333333,0.5,1.0,3.0,0,3.0,0.2,0.666666666667,0,1.0
Toon,0.333333333333,0.2,0.25,0.333333333333,0.166666666667,0.166666666667,0.2,0.75,0.833333333333,0.714285714286,0.625,0.555555555556,0.454545454545,0.181818181818,0.0714285714286,0.166666666667,0.230769230769,0.25,0.25,0.285714285714,0.2,0,0,0,0.333333333333,0.25,0,0.25,0.0909090909091,0,0,0.333333333333,0.5,0.5,0,0,0.0909090909091,0
Diomedes Saffron,0,0,0,0,0,0,0,0,0,0,0,0,0,0,0,0,0,0,0,0,0,0,0,0,0,0,0,0,0,0,0,0,0,0,0,0,0,0
Cromulon Cobalt,0,0,0,0,0,0,0,0,0,0,0,0,0,0,0,0,0,0,0,0,0,0,0,0,0,0,0,0,0,0,0,0,0,0,0,0,0,0
Spring Fever Crate,0,0,0,0,0,0,0,0,0,0,0.0363636363636,0.0294117647059,0.0235294117647,0,0,0,0,0,0,0,0,0,0,0,0,0,0,0,0,0,0,0,0,0,0.0243902439024,0,0,0
Imperator DT5,0,0,0,0,0,0,0,0.333333333333,0.5,0.5,0.5,0.666666666667,0.666666666667,0.333333333333,0.25,0.25,0.25,0.2,0.2,0,0,0,0,0,0.333333333333,1.0,0.5,0,1.33333333333,1.33333333333,0,0.25,0.333333333333,0,0.666666666667,0.4,0,0
Sad Strawberry,0,0,0,0,0,0,0,0,0,0,0,0,0,0,0,0,0,0,0,0,0,0,0,0,0,0,0,0,0,0,0,0,0,0,0,0,0,0
Draco Sky Blue,0,0,0,0,0,0,0,0,0,0,0,0,0,0,0,0,0,0,0,0,0,0,0,0,0,0,0,0,0,0,0,0,0,0,0,0,0,0
Draco Burnt Sienna,0,0,0,0,0,0,0,0,0,0,0,0,0,0,0,0,0,0,0,0,0,0,0,0,0,0,0,0,0,0,0,0,0,0,0,0,0,0
Draco Orange,0,0,0,0,0,0,0,0,0,0,0,0,0,0,0,0,0,0,0,0,0,0,0,0,0,0,0,0,0,0,0,0,0,0,0,0,0,0
Draco Cobalt,0,0,0,0,0,0,0,0,0,0,0,0,0,0,0,0,0,0,0,0,0,0,0,0,0,0,0,0,0,0,0,0,0,0,0,0,0,0
Draco Black,0,0,0,0,0,0,0,0,0,0,0,0,0,0,0,0,0,0,0,0,0,0,0,0,0,0,0,0,0,0,0,0,0,0,0,0,0,0
Key,4.66666666667,5.1,11.6666666667,4.52380952381,3.65217391304,2.22222222222,3.33333333333,5.57142857143,0.461538461538,3.55555555556,3.88888888889,3.08333333333,3.15384615385,1.22857142857,1.35483870968,1.06451612903,0.95,1.0,0.911764705882,0.118577075099,0.138888888889,0.134920634921,0.142292490119,1.8125,1.94117647059,3.3125,5.0,4.0,4.5,3.4375,2.52941176471,5.4,15.5,3.91666666667,4.7,0.111553784861,5.75,1.92307692308
Draco Titanium White,0,0,0,0,0,0,0,0,0,0,0,0,0,0,0,0,0,0,0,0,0,0,0,0,0,0,0,0,0,0,0,0,0,0,0,0,0,0
20XX,0.622222222222,0.973684210526,0.926829268293,1.1875,1.45833333333,1.34782608696,0.870967741935,1.30303030303,1.36666666667,1.25,1.02941176471,1.08571428571,0.942857142857,1.0,0.821428571429,0.793103448276,0.807692307692,0.703703703704,0.75,1.14285714286,1.08695652174,1.33333333333,0.595238095238,0.595238095238,0.652173913043,2.17647058824,1.52,1.06060606061,1.1724137931,1.26923076923,0.702127659574,0.791666666667,0.897435897436,0.84375,1.7,0.666666666667,0.761904761905,0.878048780488
Lightning Titanium White,0,0,0,0,0,0,0,0,0,0,0,0,0,0,0,0,0,0,0,0,0,0,0,0,0,0,0,0,0,0,0,0,0,0,0,0,0,0
Heatwave,1.07042253521,1.18,0.66,0.701149425287,0.595505617978,1.70588235294,1.32352941176,1.38461538462,1.25,1.70588235294,1.48717948718,1.54545454545,1.625,1.24074074074,1.21568627451,1.15384615385,0.898305084746,0.881355932203,1.1568627451,1.73333333333,1.39682539683,1.50909090909,0.5,0.564705882353,0.831325301205,1.68518518519,1.38636363636,0.943181818182,1.97058823529,1.21276595745,0.738461538462,0.467213114754,0.5,1.11320754717,1.92105263158,1.60975609756,0.870967741935,0.789473684211
Slipstream,2.5,2.15384615385,3.6,3.66666666667,2.61538461538,3.44444444444,2.45454545455,3.72727272727,3.91666666667,3.61538461538,3.0,3.38461538462,3.5,2.625,2.11764705882,2.21428571429,2.13333333333,1.875,2.0,2.91666666667,3.0,3.46153846154,1.62962962963,1.45454545455,1.5,2.0,1.22857142857,1.02857142857,1.66666666667,2.04545454545,1.86363636364,0.945945945946,1.10344827586,2.9,1.9,0.954545454545,1.06896551724,1.3125
Apex Sky Blue,0,0,0,0,0,0,0,0,0,0,0,0,0,0,0,0,0,0,0,0,0,0,0,0,0,0,0,0,0,0,0,0,0,0,0,0,0,0
Helios Saffron,0,0,0,0,0,0,0,0,0,0,0,0,0,0,0,0,0,0,0,0,0,0,0,0,0,0,0,0,0,0,0,0,0,0,0,0,0,0
Parallax,1.04545454545,1.19047619048,2.0625,1.875,1.70588235294,2.33333333333,2.28571428571,2.75,2.26666666667,2.0,2.0625,2.53846153846,2.72727272727,2.14285714286,2.0,2.25,1.92307692308,1.64285714286,1.3125,1.85714285714,1.5,1.38888888889,1.3,1.05263157895,1.0,1.1875,1.26666666667,1.1,1.38461538462,1.1875,0.925925925926,0.90625,1.125,0.9,1.2,1.66666666667,1.29411764706,1.34782608696
Octane Lime,0,0,0,0,0,0,0,0,0,0,0,0,0,0,0,0,0,0,0,0,0,0,0,0,0,0,0,0,0,0,0,0,0,0,0,0,0,0
Octane Forest Green,0,0,0,0,0,0,0,0,0,0,0,0,0,0,0,0,0,0,0,0,0,0,0,0,0,0,0,0,0,0,0,0,0,0,0,0,0,0
Peppermint Black,0,0,0,0,0,0,0,0,0,0,0,0,0,0,0,0,0,0,0,0,0,0,0,0,0,0,0,0,0,0,0,0,0,0,0,0,0,0
Standard Black,0,0,0,0,0,0,0,0,0,0,0,0,0,0,0,0,0,0,0,0,0,0,0,0,0,0,0,0,0,0,0,0,0,0,0,0,0,0
Wonderment Black,0,0,0,0,0,0,0,0,0,0,0,0,0,0,0,0,0,0,0,0,0,0,0,0,0,0,0,0,0,0,0,0,0,0,0,0,0,0
Wonderment Orange,0,0,0,0,0,0,0,0,0,0,0,0,0,0,0,0,0,0,0,0,0,0,0,0,0,0,0,0,0,0,0,0,0,0,0,0,0,0
Wonderment Grey,0,0,0,0,0,0,0,0,0,0,0,0,0,0,0,0,0,0,0,0,0,0,0,0,0,0,0,0,0,0,0,0,0,0,0,0,0,0
Wonderment Saffron,0,0,0,0,0,0,0,0,0,0,0,0,0,0,0,0,0,0,0,0,0,0,0,0,0,0,0,0,0,0,0,0,0,0,0,0,0,0
Zomba Orange,0,0,0,0,0,0,0,0,0,0,0,0,0,0,0,0,0,0,0,0,0,0,0,0,0,0,0,0,0,0,0,0,0,0,0,0,0,0
Zomba Crimson,0,0,0,0,0,0,0,0,0,0,0,0,0,0,0,0,0,0,0,0,0,0,0,0,0,0,0,0,0,0,0,0,0,0,0,0,0,0
Zomba Forest Green,0,0,0,0,0,0,0,0,0,0,0,0,0,0,0,0,0,0,0,0,0,0,0,0,0,0,0,0,0,0,0,0,0,0,0,0,0,0
Victory Crate,0.18691588785,0.196506550218,0.1796875,0.2,0.231292517007,0.253012048193,0.6171875,0.388535031847,0.344594594595,0.380597014925,0.298507462687,0.194968553459,0.233082706767,0.25,0.258278145695,0.267123287671,0.254777070064,0.204968944099,0.241134751773,0.188235294118,0.119496855346,0.120879120879,0.164473684211,0.2421875,0.406779661017,0.25,0.15625,0.168421052632,0.224489795918,0.266666666667,0.34126984127,0.331210191083,0.256983240223,0.491228070175,0.136094674556,0.162162162162,0.239583333333,0.203883495146
Spectre,2.5,2.125,1.72727272727,2.0,1.54545454545,1.8,2.5,4.0,3.16666666667,2.83333333333,2.11111111111,2.25,2.375,2.0,2.0,2.14285714286,2.8,2.6,2.5,5.5,10.0,4.0,3.33333333333,2.25,1.44444444444,1.25,2.16666666667,3.5,2.0,0.8,1.9,2.22222222222,2.85714285714,1.55555555556,3.14285714286,1.30769230769,1.18181818182,1.53846153846
Party Time,0.153846153846,0,0.5,1.0,0.75,0.285714285714,0.857142857143,1.75,2.25,2.5,2.5,1.8,2.0,1.2,0.571428571429,0.571428571429,0.625,0.25,0.125,0.166666666667,0,0,0.142857142857,0.125,0.117647058824,0,0,0.142857142857,0.428571428571,0.333333333333,0.125,0.125,0.153846153846,0.0666666666667,0.0833333333333,0.2,0,0.5
Storm Watch,1.6,1.33333333333,1.1,1.6,1.8,9.0,2.5,3.33333333333,3.66666666667,3.5,3.5,4.66666666667,4.66666666667,2.5,1.66666666667,1.875,2.14285714286,2.0,1.75,3.75,4.0,5.5,7.33333333333,4.0,3.2,1.0,2.16666666667,3.0,1.9,2.0,1.875,2.11111111111,3.4,3.75,1.4,1.18181818182,2.0,7.0
Bubbly,2.27272727273,4.57142857143,7.2,5.14285714286,3.875,3.5,2.55555555556,4.375,4.5,5.14285714286,3.75,4.25,5.2,2.6,2.09090909091,2.3,2.33333333333,2.4,2.375,3.42857142857,4.14285714286,3.85714285714,2.0,1.66666666667,1.5,2.54545454545,2.57142857143,2.81818181818,4.375,4.85714285714,1.91666666667,1.5,2.33333333333,5.0,4.6,1.63636363636,2.15384615385,1.92857142857
Chameleon,1.75,2.5,3.66666666667,7.0,2.8,1.625,1.11111111111,2.11111111111,4.2,2.375,1.8,2.5,2.0,1.18181818182,1.1,1.5,1.55555555556,0.909090909091,1.42857142857,2.16666666667,1.42857142857,1.27272727273,1.3,1.25,2.25,0.875,1.18181818182,1.58333333333,2.25,0.9,0.909090909091,1.4,1.25,0.5,2.6,2.0,1.61538461538,1.75
Standard Forest Green,0,0,0,0,0,0,0,0,0,0,0,0,0,0,0,0,0,0,0,0,0,0,0,0,0,0,0,0,0,0,0,0,0,0,0,0,0,0
Hexphase Purple,0,0,0,0,0,0,0,0,0,0,0,0,0,0,0,0,0,0,0,0,0,0,0,0,0,0,0,0,0,0,0,0,0,0,0,0,0,0
Doughnut Eater Cobalt,0,0,0,0,0,0,0,0,0,0,0,0,0,0,0,0,0,0,0,0,0,0,0,0,0,0,0,0,0,0,0,0,0,0,0,0,0,0
Triplex Purple,0,0,0,0,0,0,0,0,0,0,0,0,0,0,0,0,0,0,0,0,0,0,0,0,0,0,0,0,0,0,0,0,0,0,0,0,0,0
Dieci Burnt Sienna,0,0,0,0,0,0,0,0,0,0,0,0,0,0,0,0,0,0,0,0,0,0,0,0,0,0,0,0,0,0,0,0,0,0,0,0,0,0
RL Esports,0.166666666667,0,0,0,0,0,0,0,0,0,0,0,0,0,0,0,0,0,0,0,0,0,0,0,0,0,0,0.25,0,0,0,0,0,0,0,0,0,0
Septem,0.666666666667,0.333333333333,0,0,0,0,0,0,0,0,0,1.0,1.0,0.666666666667,0.4,0.4,0.5,0.5,0,0,0,0,1.5,1.0,1.66666666667,3.0,14.0,0,15.0,0.5,0,6.0,0,2.5,0.5,2.0,0,13.0
Toon Sketch,0.333333333333,1.0,0.333333333333,1.0,1.0,0,0.166666666667,0.25,0.5,0.5,0.5,1.0,3.0,3.0,5.0,1.66666666667,2.0,2.0,1.0,0.333333333333,2.0,1.0,0.8,1.6,1.0,1.0,1.0,0.166666666667,0.375,0.5,0.5,1.0,0.5,0.2,0,3.66666666667,0.666666666667,0.166666666667
ZT-17,0,0,0,0,0,0,0,0,0,0,0,0,0,0,0,0,0,0,0,0,0,0,0,0,0,0,0,0,0,0,0,0,1.0,0,0,0,0,0
Toon Sketch Sky Blue,0,0,0,0,0,0,0,0,0,0,0,0,0,0,0,0,0,0,0,0,0,0,0,0,0,0,0,0,0,0,0,0,0,0,0,0,0,0
Alchemist Saffron,0,0,0,0,0,0,0,0,0,0,0,0,0,0,0,0,0,0,0,0,0,0,0,0,0,0,0,0,0,0,0,0,0,0,0,0,0,0
Flamethrower Grey,0,0,0,0,0,0,0,0,0,0,0,0,0,0,0,0,0,0,0,0,0,0,0,0,0,0,0,0,0,0,0,0,0,0,0,0,0,0
Lightning Lime,0,0,0,0,0,0,0,0,0,0,0,0,0,0,0,0,0,0,0,0,0,0,0,0,0,0,0,0,0,0,0,0,0,0,0,0,0,0
Roulette Purple,0,0,0,0,0,0,0,0,0,0,0,0,0,0,0,0,0,0,0,0,0,0,0,0,0,0,0,0,0,0,0,0,0,0,0,0,0,0
Tachyon Orange,0,0,0,0,0,0,0,0,0,0,0,0,0,0,0,0,0,0,0,0,0,0,0,0,0,0,0,0,0,0,0,0,0,0,0,0,0,0
Werewolf Burnt Sienna,0,0,0,0,0,0,0,0,0,0,0,0,0,0,0,0,0,0,0,0,0,0,0,0,0,0,0,0,0,0,0,0,0,0,0,0,0,0
Wizard Hat Orange,0,0,0,0,0,0,0,0,0,0,0,0,0,0,0,0,0,0,0,0,0,0,0,0,0,0,0,0,0,0,0,0,0,0,0,0,0,0
Cauldron Forest Green,0,0,0,0,0,0,0,0,0,0,0,0,0,0,0,0,0,0,0,0,0,0,0,0,0,0,0,0,0,0,0,0,0,0,0,0,0,0
Dueling Dragons,1.25,4.0,2.5,6.0,3.66666666667,4.0,3.0,7.0,8.0,10.0,9.0,10.0,10.0,3.0,1.75,1.0,1.25,1.25,1.5,2.66666666667,1.75,2.0,1.4,1.66666666667,1.66666666667,1.5,1.0,2.33333333333,2.0,1.6,1.0,0,2.0,3.0,2.33333333333,3.0,0.5,1.4
Razzle,1.14285714286,1.6,1.11111111111,1.22222222222,0.5,1.0,0.727272727273,0.666666666667,0.727272727273,0,0,0,0,0,0,0,0,0,0,0.25,0.714285714286,0.714285714286,0.6,0.428571428571,0.428571428571,0,1.0,0.857142857143,1.5,0.5,0.5,0.8,0.5,0.5,0.5,1.8,0.285714285714,0.571428571429
Callous Bros. Grey,0,0,0,0,0,0,0,0,0,0,0,0,0,0,0,0,0,0,0,0,0,0,0,0,0,0,0,0,0,0,0,0,0,0,0,0,0,0
Magic Missile Cobalt,0,0,0,0,0,0,0,0,0,0,0,0,0,0,0,0,0,0,0,0,0,0,0,0,0,0,0,0,0,0,0,0,0,0,0,0,0,0
Heiwa Titanium White,0,0,0,0,0,0,0,0,0,0,0,0,0,0,0,0,0,0,0,0,0,0,0,0,0,0,0,0,0,0,0,0,0,0,0,0,0,0
Mummified Purple,0,0,0,0,0,0,0,0,0,0,0,0,0,0,0,0,0,0,0,0,0,0,0,0,0,0,0,0,0,0,0,0,0,0,0,0,0,0
Magic Missile Sky Blue,0,0,0,0,0,0,0,0,0,0,0,0,0,0,0,0,0,0,0,0,0,0,0,0,0,0,0,0,0,0,0,0,0,0,0,0,0,0
Sticker Bomb Cobalt,0,0,0,0,0,0,0,0,0,0,0,0,0,0,0,0,0,0,0,0,0,0,0,0,0,0,0,0,0,0,0,0,0,0,0,0,0,0
Sparkles Cobalt,0,0,0,0,0,0,0,0,0,0,0,0,0,0,0,0,0,0,0,0,0,0,0,0,0,0,0,0,0,0,0,0,0,0,0,0,0,0
Scary Pumpkin,0,0,0,0,0,0,0,0,0,0,0,0,0,0,0,0,0,0,0,0,0,0,0,0,0,0,0,0,0,0,0,0,0,0,0,0,0,0
Thanatos Orange,0,0,0,0,0,0,0,0,0,0,0,0,0,0,0,0,0,0,0,0,0,0,0,0,0,0,0,0,0,0,0,0,0,0,0,0,0,0
Hiro Pink,0,0,0,0,0,0,0,0,0,0,0,0,0,0,0,0,0,0,0,0,0,0,0,0,0,0,0,0,0,0,0,0,0,0,0,0,0,0
Kalos Grey,0,0,0,0,0,0,0,0,0,0,0,0,0,0,0,0,0,0,0,0,0,0,0,0,0,0,0,0,0,0,0,0,0,0,0,0,0,0
Gaiden Pink,0,0,0,0,0,0,0,0,0,0,0,0,0,0,0,0,0,0,0,0,0,0,0,0,0,0,0,0,0,0,0,0,0,0,0,0,0,0
Jäger 619 RS Sky Blue,0,0,0,0,0,0,0,0,0,0,0,0,0,0,0,0,0,0,0,0,0,0,0,0,0,0,0,0,0,0,0,0,0,0,0,0,0,0
Illuminata,2.0,0,0,0,0,0.333333333333,0,0,0,2.0,3.0,1.5,1.0,0.5,0.2,0.25,0,0,0,0,1.0,1.0,4.0,3.0,1.5,0,0,1.0,1.66666666667,5.0,0,0,2.0,1.0,1.5,0,2.0,0
Champions Crate 2,1.0,1.0,0.190476190476,0.0869565217391,0.666666666667,0.181818181818,0.217391304348,0.32,0.192307692308,1.0,2.33333333333,3.5,3.5,3.0,6.0,16.0,17.0,18.0,17.0,17.0,4.0,6.0,0.565217391304,0.0869565217391,0.0869565217391,0,1.0,0,3.0,0.166666666667,0.166666666667,0.5,0.0434782608696,0.047619047619,3.0,4.0,5.0,1.0
Standard Crimson,0,0,0,0,0,0,0,0,0,0,0,0,0,0,0,0,0,0,0,0,0,0,0,0,0,0,0,0,0,0,0,0,0,0,0,0,0,0
Hellfire,1.8,1.125,1.77777777778,3.5,4.0,2.4,2.75,2.0,2.75,3.66666666667,3.0,3.0,7.0,3.0,2.2,2.25,1.66666666667,1.66666666667,1.16666666667,0.833333333333,0.571428571429,0.666666666667,0.571428571429,0.4,1.5,0.5,0,0.166666666667,0.375,0.363636363636,0.833333333333,0.6,0.5,1.66666666667,1.375,1.5,0.8,0.888888888889
Voltaic Purple,0,0,0,0,0,0,0,0,0,0,0,0,0,0,0,0,0,0,0,0,0,0,0,0,0,0,0,0,0,0,0,0,0,0,0,0,0,0
Hexed,1.58823529412,1.52631578947,2.27777777778,1.44,1.13333333333,1.16,1.66666666667,2.25,2.25,2.85714285714,2.92307692308,3.63636363636,3.72727272727,1.88888888889,1.70588235294,1.875,1.68421052632,1.66666666667,1.4347826087,1.59090909091,1.4347826087,1.5,1.38461538462,1.03448275862,1.04545454545,1.14285714286,1.07142857143,0.84,0.75,0.857142857143,1.13888888889,1.31034482759,1.48,1.71428571429,1.47826086957,0.866666666667,0.714285714286,1.39393939394
Accelerator Crate,0.0186046511628,0.0420168067227,0.0186335403727,0.0152671755725,0.105263157895,0.031746031746,0.0214285714286,0.0363636363636,0.027027027027,0.0428571428571,0.0681818181818,0.117647058824,0.15,0.170731707317,0.183673469388,0.212765957447,0.208333333333,0.207547169811,0.375,0.333333333333,0.142857142857,0.15,0.0677966101695,0.0555555555556,0.0165289256198,0.0375,0.0412371134021,0.0459770114943,0.0121212121212,0.00645161290323,0.0254237288136,0.0289855072464,0.0322580645161,0.0128205128205,0.168316831683,0.0149253731343,0.0243902439024,0.024
Turbo Crate,0.0275229357798,0.0493827160494,0.0686274509804,0.0705882352941,0.127659574468,0.307692307692,0.290697674419,0.252525252525,0.256756756757,0.078431372549,0.217391304348,0.75,0.7,0.666666666667,0.866666666667,0.933333333333,0.714285714286,0.666666666667,0.631578947368,0.521739130435,0.115384615385,0.4375,0.205882352941,0.125,0.025641025641,0.0422535211268,0.0735294117647,0.7,0.0882352941176,0.697674418605,0.051724137931,0.0632911392405,0.0512820512821,0.031746031746,0.0694444444444,0.0227272727273,0.0281690140845,0.020979020979
Haunted Hallows Crate,0,0.047619047619,0.25,0,0,0,0,0,0,0,0,0,0,0,0,0,0,0,0,0,0,0,0,0,0,0,0,0,0,0,0,0,0,0,0,0,0,0
Nitro Crate,0.793103448276,1.38709677419,0.772727272727,0.457627118644,3.35294117647,1.32653061224,1.0,0.612903225806,0.380952380952,0.542857142857,0.703703703704,0.791666666667,0.875,0.653846153846,0.6,0.615384615385,0.620689655172,0.642857142857,0.72,1.33333333333,0.923076923077,1.375,0.351351351351,0.342105263158,0.3,1.09523809524,0.794117647059,0.62962962963,0.297872340426,0.255813953488,1.0,0.387755102041,0.140186915888,0.455696202532,0.911764705882,0.221052631579,0.179775280899,0.241071428571
Overdrive Crate,0.00387596899225,0.00787401574803,0,0,0.0392156862745,0.025641025641,0.021978021978,0.0263157894737,0.0175438596491,0.0208333333333,0.025,0.025,0.0555555555556,0.0714285714286,0.063829787234,0.0869565217391,0.093023255814,0.190476190476,0.142857142857,0.0740740740741,0,0,0,0.0140845070423,0.00662251655629,0.02,0.0243902439024,0.0816326530612,0.04,0.0243902439024,0.0137931034483,0.00970873786408,0.0115606936416,0.00746268656716,0.0531914893617,0.00751879699248,0.010989010989,0.0319634703196
Secret Santa Crate,0,0,0,0,0,0,0,0,0,0,0,0,0,0,0,0,0,0,0,0,0,0,0,0,0,0,0,0,0,0.0227272727273,0.0120481927711,0,0,0,0.0555555555556,0,0,0
Nipper Black,0,0,0,0,0,0,0,0,0,0,0,0,0,0,0,0,0,0,0,0,0,0,0,0,0,0,0,0,0,0,0,0,0,0,0,0,0,0
Poly Pop,0.666666666667,1.0,0,2.0,1.0,0.4,0.5,0.555555555556,1.0,1.5,2.0,2.33333333333,3.5,2.0,1.5,0.625,0.625,0.25,0.142857142857,0.2,0,0,0.2,0.333333333333,0.4,0.666666666667,2.5,1.0,0.5,0.333333333333,0.166666666667,0.2,0.5,0.666666666667,0.2,0.125,0,1.0
Razzle Black,0,0,0,0,0,0,0,0,0,0,0,0,0,0,0,0,0,0,0,0,0,0,0,0,0,0,0,0,0,0,0,0,0,0,0,0,0,0
Spyder Black,0,0,0,0,0,0,0,0,0,0,0,0,0,0,0,0,0,0,0,0,0,0,0,0,0,0,0,0,0,0,0,0,0,0,0,0,0,0
Tunica Black,0,0,0,0,0,0,0,0,0,0,0,0,0,0,0,0,0,0,0,0,0,0,0,0,0,0,0,0,0,0,0,0,0,0,0,0,0,0
Sunburst Black,0,0,0,0,0,0,0,0,0,0,0,0,0,0,0,0,0,0,0,0,0,0,0,0,0,0,0,0,0,0,0,0,0,0,0,0,0,0
K2,0.5,0,0,0.5,0.8,1.33333333333,2.0,1.0,0,0,0,0,0,0,0,0,0,0,0,0,0,0,0,0,0,0,0,0,0,0,0,0,0.25,0,0.166666666667,0.5,1.0,0
Kaleidoscope,0,0,0,0,0,0,0,0,0,0,0,0,0,0,0,0,0,0,0,0,0,0,0,0,0,0,0.2,0.142857142857,0,0,0,0,0,0,0,0,0,0
Lustrum X10 Sky Blue,0,0,0,0,0,0,0,0,0,0,0,0,0,0,0,0,0,0,0,0,0,0,0,0,0,0,0,0,0,0,0,0,0,0,0,0,0,0
Magic Missile,0.333333333333,0.666666666667,0.5,0.166666666667,1.0,0,0,0,0,0,0,0,0,0.166666666667,0.6,0.6,0.6,0.75,1.0,1.0,0,0,0,0,0,0.25,0.333333333333,0,0.25,0,0,1.0,0,0,0.4,0,0,0
Photon Forest Green,0,0,0,0,0,0,0,0,0,0,0,0,0,0,0,0,0,0,0,0,0,0,0,0,0,0,0,0,0,0,0,0,0,0,0,0,0,0
Plasma Sky Blue,0,0,0,0,0,0,0,0,0,0,0,0,0,0,0,0,0,0,0,0,0,0,0,0,0,0,0,0,0,0,0,0,0,0,0,0,0,0
Sunburst Titanium White,0,0,0,0,0,0,0,0,0,0,0,0,0,0,0,0,0,0,0,0,0,0,0,0,0,0,0,0,0,0,0,0,0,0,0,0,0,0
Werewolf,0.285714285714,0.333333333333,1.66666666667,2.66666666667,4.0,3.5,2.5,1.66666666667,1.4,1.0,1.0,1.25,3.0,3.0,10.0,4.5,4.0,3.0,1.66666666667,1.0,3.0,0.666666666667,0.285714285714,0.142857142857,0.2,0.166666666667,0.8,1.33333333333,1.8,1.8,0.666666666667,1.0,1.0,0.714285714286,0.857142857143,1.8,0.428571428571,0.5
Wonderment Titanium White,0,0,0,0,0,0,0,0,0,0,0,0,0,0,0,0,0,0,0,0,0,0,0,0,0,0,0,0,0,0,0,0,0,0,0,0,0,0
Octane Pink,0,0,0,0,0,0,0,0,0,0,0,0,0,0,0,0,0,0,0,0,0,0,0,0,0,0,0,0,0,0,0,0,0,0,0,0,0,0
Fractal Fire Lime,0,0,0,0,0,0,0,0,0,0,0,0,0,0,0,0,0,0,0,0,0,0,0,0,0,0,0,0,0,0,0,0,0,0,0,0,0,0
Illuminata Titanium White,0,0,0,0,0,0,0,0,0,0,0,0,0,0,0,0,0,0,0,0,0,0,0,0,0,0,0,0,0,0,0,0,0,0,0,0,0,0
Dieci Sky Blue,0,0,0,0,0,0,0,0,0,0,0,0,0,0,0,0,0,0,0,0,0,0,0,0,0,0,0,0,0,0,0,0,0,0,0,0,0,0
Fireplug Cobalt,0,0,0,0,0,0,0,0,0,0,0,0,0,0,0,0,0,0,0,0,0,0,0,0,0,0,0,0,0,0,0,0,0,0,0,0,0,0
Fireplug Titanium White,0,0,0,0,0,0,0,0,0,0,0,0,0,0,0,0,0,0,0,0,0,0,0,0,0,0,0,0,0,0,0,0,0,0,0,0,0,0
Hiro Grey,0,0,0,0,0,0,0,0,0,0,0,0,0,0,0,0,0,0,0,0,0,0,0,0,0,0,0,0,0,0,0,0,0,0,0,0,0,0
Kalos Orange,0,0,0,0,0,0,0,0,0,0,0,0,0,0,0,0,0,0,0,0,0,0,0,0,0,0,0,0,0,0,0,0,0,0,0,0,0,0
Voltaic Titanium White,0,0,0,0,0,0,0,0,0,0,0,0,0,0,0,0,0,0,0,0,0,0,0,0,0,0,0,0,0,0,0,0,0,0,0,0,0,0
Halo Saffron,0,0,0,0,0,0,0,0,0,0,0,0,0,0,0,0,0,0,0,0,0,0,0,0,0,0,0,0,0,0,0,0,0,0,0,0,0,0
Unicorn Pink,0,0,0,0,0,0,0,0,0,0,0,0,0,0,0,0,0,0,0,0,0,0,0,0,0,0,0,0,0,0,0,0,0,0,0,0,0,0
Royal Crown Purple,0,0,0,0,0,0,0,0,0,0,0,0,0,0,0,0,0,0,0,0,0,0,0,0,0,0,0,0,0,0,0,0,0,0,0,0,0,0
Devil Horns Lime,0,0,0,0,0,0,0,0,0,0,0,0,0,0,0,0,0,0,0,0,0,0,0,0,0,0,0,0,0,0,0,0,0,0,0,0,0,0
Foam Hat Cobalt,0,0,0,0,0,0,0,0,0,0,0,0,0,0,0,0,0,0,0,0,0,0,0,0,0,0,0,0,0,0,0,0,0,0,0,0,0,0
Mariachi Hat Orange,0,0,0,0,0,0,0,0,0,0,0,0,0,0,0,0,0,0,0,0,0,0,0,0,0,0,0,0,0,0,0,0,0,0,0,0,0,0
Wonderment Crimson,0,0,0,0,0,0,0,0,0,0,0,0,0,0,0,0,0,0,0,0,0,0,0,0,0,0,0,0,0,0,0,0,0,0,0,0,0,0
Halo Purple,0,0,0,0,0,0,0,0,0,0,0,0,0,0,0,0,0,0,0,0,0,0,0,0,0,0,0,0,0,0,0,0,0,0,0,0,0,0
Turbine Sky Blue,0,0,0,0,0,0,0,0,0,0,0,0,0,0,0,0,0,0,0,0,0,0,0,0,0,0,0,0,0,0,0,0,0,0,0,0,0,0
Zomba,2.125,1.9,3.5,2.57142857143,2.85714285714,2.71428571429,3.5,3.75,2.83333333333,4.5,3.2,3.2,2.14285714286,2.0,2.16666666667,2.2,1.57142857143,2.33333333333,1.42857142857,1.83333333333,2.14285714286,2.8,2.14285714286,1.375,1.16666666667,1.4,1.22222222222,1.85714285714,1.125,1.0,2.5,1.66666666667,5.0,2.14285714286,1.25,2.57142857143,4.2,4.25
REEVRB,2.0,2.0,0,1.0,0.5,0.5,4.0,4.0,2.0,1.0,1.0,0.25,0,0.5,0,0,1.0,3.0,7.0,2.33333333333,3.66666666667,2.0,3.0,1.33333333333,1.0,6.0,0,8.0,1.0,0,2.5,0,1.33333333333,0.333333333333,0.333333333333,2.0,0.666666666667,0.333333333333
Chrono,0.666666666667,0.5,0.5,1.0,3.0,1.0,0,0.5,1.5,0.75,2.0,2.0,3.0,2.66666666667,1.75,3.5,2.33333333333,1.0,0.666666666667,0.666666666667,1.0,1.0,1.0,1.5,1.0,0,1.0,0.5,0.5,1.5,0,5.0,1.0,5.0,12.0,3.66666666667,0.2,0.2
Diomedes,0.5,0,0,0,0,0,0,0,0.142857142857,0.2,0.25,0.5,0.5,0.5,1.0,0.333333333333,0.25,0.25,0,0,0,0,0,0,0,0,0,0,0,0,0,0,0,0,0,0,0,0
Balla-Carrà Pink,0,0,0,0,0,0,0,0,0,0,0,0,0,0,0,0,0,0,0,0,0,0,0,0,0,0,0,0,0,0,0,0,0,0,0,0,0,0
Jäger 619 RS Titanium White,0,0,0,0,0,0,0,0,0,0,0,0,0,0,0,0,0,0,0,0,0,0,0,0,0,0,0,0,0,0,0,0,0,0,0,0,0,0
Samurai,2.33333333333,2.5,2.0,8.0,0,2.5,1.5,1.0,1.6,1.2,0.714285714286,0.714285714286,0.571428571429,0.333333333333,0.333333333333,0.875,1.16666666667,1.8,1.83333333333,3.33333333333,6.5,5.0,9.0,1.5,1.0,3.0,4.0,2.75,2.66666666667,8.0,11.0,1.16666666667,0.333333333333,2.5,2.0,8.0,1.66666666667,1.5
Little Bow Pink,0,0,0,0,0,0,0,0,0,0,0,0,0,0,0,0,0,0,0,0,0,0,0,0,0,0,0,0,0,0,0,0,0,0,0,0,0,0
Little Bow Titanium White,0,0,0,0,0,0,0,0,0,0,0,0,0,0,0,0,0,0,0,0,0,0,0,0,0,0,0,0,0,0,0,0,0,0,0,0,0,0
Pirate's Hat Forest Green,0,0,0,0,0,0,0,0,0,0,0,0,0,0,0,0,0,0,0,0,0,0,0,0,0,0,0,0,0,0,0,0,0,0,0,0,0,0
Pirate's Hat Lime,0,0,0,0,0,0,0,0,0,0,0,0,0,0,0,0,0,0,0,0,0,0,0,0,0,0,0,0,0,0,0,0,0,0,0,0,0,0
Pirate's Hat Pink,0,0,0,0,0,0,0,0,0,0,0,0,0,0,0,0,0,0,0,0,0,0,0,0,0,0,0,0,0,0,0,0,0,0,0,0,0,0
Pirate's Hat Purple,0,0,0,0,0,0,0,0,0,0,0,0,0,0,0,0,0,0,0,0,0,0,0,0,0,0,0,0,0,0,0,0,0,0,0,0,0,0
Top Hat Cobalt,0,0,0,0,0,0,0,0,0,0,0,0,0,0,0,0,0,0,0,0,0,0,0,0,0,0,0,0,0,0,0,0,0,0,0,0,0,0
Top Hat Crimson,0,0,0,0,0,0,0,0,0,0,0,0,0,0,0,0,0,0,0,0,0,0,0,0,0,0,0,0,0,0,0,0,0,0,0,0,0,0
Top Hat Lime,0,0,0,0,0,0,0,0,0,0,0,0,0,0,0,0,0,0,0,0,0,0,0,0,0,0,0,0,0,0,0,0,0,0,0,0,0,0
Top Hat Pink,0,0,0,0,0,0,0,0,0,0,0,0,0,0,0,0,0,0,0,0,0,0,0,0,0,0,0,0,0,0,0,0,0,0,0,0,0,0
Buzz Kill Purple,0,0,0,0,0,0,0,0,0,0,0,0,0,0,0,0,0,0,0,0,0,0,0,0,0,0,0,0,0,0,0,0,0,0,0,0,0,0
MDGA Forest Green,0,0,0,0,0,0,0,0,0,0,0,0,0,0,0,0,0,0,0,0,0,0,0,0,0,0,0,0,0,0,0,0,0,0,0,0,0,0
Smore'd Pink,0,0,0,0,0,0,0,0,0,0,0,0,0,0,0,0,0,0,0,0,0,0,0,0,0,0,0,0,0,0,0,0,0,0,0,0,0,0
Doughnut Eater Orange,0,0,0,0,0,0,0,0,0,0,0,0,0,0,0,0,0,0,0,0,0,0,0,0,0,0,0,0,0,0,0,0,0,0,0,0,0,0
Mosher Orange,0,0,0,0,0,0,0,0,0,0,0,0,0,0,0,0,0,0,0,0,0,0,0,0,0,0,0,0,0,0,0,0,0,0,0,0,0,0
Rose King Purple,0,0,0,0,0,0,0,0,0,0,0,0,0,0,0,0,0,0,0,0,0,0,0,0,0,0,0,0,0,0,0,0,0,0,0,0,0,0
Hexphase Black,0,0,0,0,0,0,0,0,0,0,0,0,0,0,0,0,0,0,0,0,0,0,0,0,0,0,0,0,0,0,0,0,0,0,0,0,0,0
Flamethrower Sky Blue,0,0,0,0,0,0,0,0,0,0,0,0,0,0,0,0,0,0,0,0,0,0,0,0,0,0,0,0,0,0,0,0,0,0,0,0,0,0
Datastream Forest Green,0,0,0,0,0,0,0,0,0,0,0,0,0,0,0,0,0,0,0,0,0,0,0,0,0,0,0,0,0,0,0,0,0,0,0,0,0,0
Datastream Crimson,0,0,0,0,0,0,0,0,0,0,0,0,0,0,0,0,0,0,0,0,0,0,0,0,0,0,0,0,0,0,0,0,0,0,0,0,0,0
Voltaic Pink,0,0,0,0,0,0,0,0,0,0,0,0,0,0,0,0,0,0,0,0,0,0,0,0,0,0,0,0,0,0,0,0,0,0,0,0,0,0
Ballistic,0,0,0,0,0,0,0,0,0.047619047619,0.0625,0.0625,0.0833333333333,0,0,0,0,0,0.0588235294118,0.0714285714286,0.0833333333333,0.0769230769231,0.0714285714286,0.05,0,0,0,0,0,0,0.0769230769231,0.0909090909091,0,0,0,0,0,0,0
Comet Forest Green,0,0,0,0,0,0,0,0,0,0,0,0,0,0,0,0,0,0,0,0,0,0,0,0,0,0,0,0,0,0,0,0,0,0,0,0,0,0
MG-88 Cobalt,0,0,0,0,0,0,0,0,0,0,0,0,0,0,0,0,0,0,0,0,0,0,0,0,0,0,0,0,0,0,0,0,0,0,0,0,0,0
MG-88 Lime,0,0,0,0,0,0,0,0,0,0,0,0,0,0,0,0,0,0,0,0,0,0,0,0,0,0,0,0,0,0,0,0,0,0,0,0,0,0
MG-88 Burnt Sienna,0,0,0,0,0,0,0,0,0,0,0,0,0,0,0,0,0,0,0,0,0,0,0,0,0,0,0,0,0,0,0,0,0,0,0,0,0,0
Mantis Orange,0,0,0,0,0,0,0,0,0,0,0,0,0,0,0,0,0,0,0,0,0,0,0,0,0,0,0,0,0,0,0,0,0,0,0,0,0,0
Fireplug Burnt Sienna,0,0,0,0,0,0,0,0,0,0,0,0,0,0,0,0,0,0,0,0,0,0,0,0,0,0,0,0,0,0,0,0,0,0,0,0,0,0
Blast Ray Black,0,0,0,0,0,0,0,0,0,0,0,0,0,0,0,0,0,0,0,0,0,0,0,0,0,0,0,0,0,0,0,0,0,0,0,0,0,0
Equalizer Pink,0,0,0,0,0,0,0,0,0,0,0,0,0,0,0,0,0,0,0,0,0,0,0,0,0,0,0,0,0,0,0,0,0,0,0,0,0,0
Spiralis Saffron,0,0,0,0,0,0,0,0,0,0,0,0,0,0,0,0,0,0,0,0,0,0,0,0,0,0,0,0,0,0,0,0,0,0,0,0,0,0
Yuzo Sky Blue,0,0,0,0,0,0,0,0,0,0,0,0,0,0,0,0,0,0,0,0,0,0,0,0,0,0,0,0,0,0,0,0,0,0,0,0,0,0
Tsunami Beam Grey,0,0,0,0,0,0,0,0,0,0,0,0,0,0,0,0,0,0,0,0,0,0,0,0,0,0,0,0,0,0,0,0,0,0,0,0,0,0
Luminous,0,0,0,0,0,0,0,0,0,0,0,0,0,0,0,0,0,0,0,0,0,0,0,0,0,0.333333333333,0.5,1.0,0,0,0,0,0,0,0,0,0,0
Zombie Sky Blue,0,0,0,0,0,0,0,0,0,0,0,0,0,0,0,0,0,0,0,0,0,0,0,0,0,0,0,0,0,0,0,0,0,0,0,0,0,0
Doughnut Eater,0,0,0,0,0,0,0.5,1.0,1.0,1.0,0,0,0,1.0,0.25,0.25,0.25,0.25,0.333333333333,0,0,0,0,0,0,0,0,0,0,0,0,0,0,0,0,0,0,0
Springtime Flowers Burnt Sienna,0,0,0,0,0,0,0,0,0,0,0,0,0,0,0,0,0,0,0,0,0,0,0,0,0,0,0,0,0,0,0,0,0,0,0,0,0,0
Velocity Crate,0.155737704918,0.15873015873,0.0820512820513,0.0979020979021,0.428571428571,0.139130434783,0.133333333333,0.0352941176471,0.0238095238095,0.0363636363636,0.0675675675676,0.117647058824,0.14,0.186046511628,0.148148148148,0.188679245283,0.139240506329,0.126582278481,0.134328358209,0.0833333333333,0.078125,0.078431372549,0.075,0.0451127819549,0.0217391304348,0.036036036036,0.0350877192982,0.0972222222222,0.0512820512821,0.0491803278689,0.233766233766,0.137404580153,0.12030075188,0.121495327103,0.2,0.0283018867925,0.0609756097561,0.182795698925
Toon Smoke,5.0,0,0,0,0,0,0,3.0,3.0,3.0,2.0,2.0,2.0,2.0,2.0,0,1.0,1.0,1.0,1.0,0,0,0,0,0,7.0,4.0,0,1.66666666667,1.66666666667,0,1.0,2.0,2.5,1.0,2.0,0,0
Geo Soul,6.66666666667,6.66666666667,0,1.0,1.0,0.5,0,0,0,0,0,0,0,0,0,0,0,0,0,0,0,0,0,0,0,0,0,0,0,0,0.333333333333,0.5,0,0,0,0,0,0
Hexphase Sky Blue,0,0,0,0,0,0,0,0,0,0,0,0,0,0,0,0,0,0,0,0,0,0,0,0,0,0,0,0,0,0,0,0,0,0,0,0,0,0
Sub-Zero,1.5,1.0,0.8,0.8,0.666666666667,0.833333333333,0.7,1.0,0.875,0.857142857143,0.857142857143,0.555555555556,0.6,0.444444444444,0.333333333333,0.5,0.333333333333,0.8,0.4,0.25,0.4,1.25,1.5,2.0,1.66666666667,1.2,1.0,0.4,0.285714285714,0.25,0.625,1.14285714286,0.777777777778,1.16666666667,2.0,0.5,0.666666666667,0.714285714286
Endo,2.75,4.0,0.5,0.2,2.0,2.8,3.75,1.4,2.5,2.0,1.14285714286,1.0,0.666666666667,0.333333333333,0.222222222222,0.222222222222,0.285714285714,0.6,1.0,0.5,1.0,0.4,0.5,0.6,0.75,0.6,0.4,1.0,3.0,3.66666666667,3.75,3.25,2.0,2.0,0.666666666667,3.25,1.0,3.0
Gaiden,0,0.333333333333,0.2,0,0,0,0,0,0.25,0.4,0.666666666667,0.5,0.666666666667,1.0,1.0,0,0,0,0,0.25,0.333333333333,0.5,0.333333333333,0,4.5,10.0,1.0,0,0.333333333333,0.333333333333,0,0,1.0,2.0,0,5.0,0,0
SLK,0,0,0,0,0,0,0,0,0,0,0,0,0,0,0,0,0,0,0,0,0,0,0,0,0,0,0,0,0,0,0,0,0,0,0,0,0,0
Hypernova,0,0,1.0,1.0,0,0,1.0,0.5,1.0,0.5,1.0,0.5,1.0,1.0,1.0,1.0,1.0,0,0,0,0,0,0,0,0,0,0,0,0,0,0,0,0,0,0,0,0,0
Comet Lime,0,0,0,0,0,0,0,0,0,0,0,0,0,0,0,0,0,0,0,0,0,0,0,0,0,0,0,0,0,0,0,0,0,0,0,0,0,0
Pearlescent (matte),2.0,0,0,0,0,0,0,0,0,0,0,0,0,0,0,0,0,0,0,0,0,0,0,0,0,0,0,0,0,0,0,0,0,0,0,0,0,0
Imperator DT5 Titanium White,0,0,0,0,0,0,0,0,0,0,0,0,0,0,0,0,0,0,0,0,0,0,0,0,0,0,0,0,0,0,0,0,0,0,0,0,0,0
Draco Crimson,0,0,0,0,0,0,0,0,0,0,0,0,0,0,0,0,0,0,0,0,0,0,0,0,0,0,0,0,0,0,0,0,0,0,0,0,0,0
Voltaic Sky Blue,0,0,0,0,0,0,0,0,0,0,0,0,0,0,0,0,0,0,0,0,0,0,0,0,0,0,0,0,0,0,0,0,0,0,0,0,0,0
Voltaic Orange,0,0,0,0,0,0,0,0,0,0,0,0,0,0,0,0,0,0,0,0,0,0,0,0,0,0,0,0,0,0,0,0,0,0,0,0,0,0
Vortex Crimson,0,0,0,0,0,0,0,0,0,0,0,0,0,0,0,0,0,0,0,0,0,0,0,0,0,0,0,0,0,0,0,0,0,0,0,0,0,0
Wonderment Burnt Sienna,0,0,0,0,0,0,0,0,0,0,0,0,0,0,0,0,0,0,0,0,0,0,0,0,0,0,0,0,0,0,0,0,0,0,0,0,0,0
Zomba Burnt Sienna,0,0,0,0,0,0,0,0,0,0,0,0,0,0,0,0,0,0,0,0,0,0,0,0,0,0,0,0,0,0,0,0,0,0,0,0,0,0
Springtime Flowers Saffron,0,0,0,0,0,0,0,0,0,0,0,0,0,0,0,0,0,0,0,0,0,0,0,0,0,0,0,0,0,0,0,0,0,0,0,0,0,0
Chakram,1.33333333333,1.66666666667,1.0,0,1.0,1.0,1.0,2.0,0,0,0,0,0,0,0,0,0,0,0,2.0,1.0,1.0,1.0,1.0,1.0,0,0,0,0,2.0,1.0,0,0,0,0,7.5,4.33333333333,0.5
Flex,0,0,0,0,0,0,0,0,0,0,0,0,0,0,0,0,0,0,0,0,0,0,0,0,0,0,0,0,0,0,0,0,0,0,0,0,0,0
Devil Horns,5.0,0,0,0,0,0,0,0,0,0,0,0,0,0,0,0,0,0,0,0,0,0,0,0,0,0,0,0,0,0,0,0,0,0,0,0,0,0
Halo,8.0,0.307692307692,1.0,0,0,0,0,0,0,0,0,0,0,0,0,0,0,0,0,0,0,0,0,0,0,0,0,0,0,0,0,0,0,0,0,0,0,0
Balla-Carrà,0,0,0,0,0,0,0,0,0,0,0,0,0.666666666667,0.4,0.333333333333,0.4,0.4,0.4,0,0,0.25,0.5,0.25,0.5,2.5,1.25,0,0,3.0,1.0,0,0,0.5,1.0,0,1.0,0,0
Doughnut,0,0,0,7.0,4.0,0.5,0,0,0,0,0,0,0,0,0,0,0,0,0,0,0,0,0,0,0,0,10.0,5.0,0,0,0.333333333333,0.5,0.166666666667,0,0,0,0,0
Doughnut Sky Blue,0,0,0,0,0,0,0,0,0,0,0,0,0,0,0,0,0,0,0,0,0,0,0,0,0,0,0,0,0,0,0,0,0,0,0,0,0,0
Gaiden Lime,0,0,0,0,0,0,0,0,0,0,0,0,0,0,0,0,0,0,0,0,0,0,0,0,0,0,0,0,0,0,0,0,0,0,0,0,0,0
Turbine,0.2,0.5,0,0,0,0,0,0,0.666666666667,0.5,0.5,0.75,1.0,1.0,0.333333333333,0.5,0.125,0,0,0,0,0,0.4,0.5,1.2,1.0,2.5,1.0,0.333333333333,0,0,0,0,0,0.25,0.111111111111,0,0
Troika,0,0,0,0,0,0,0,0,0,0,0,0,0,0,0,0,0,0,0,0,0,0,0,0,0,0,0,0,0,0,0,0,0,0,0,0,0,0
FGSP,0,0,0,0,0,0,0,0,0,0,0,0,0,0,0,0,0,0,0,0,0,0,0,0,0,0,0,0,0,0,0,0,0,0,0,0,0,0
Animus GP Crimson,0,0,0,0,0,0,0,0,0,0,0,0,0,0,0,0,0,0,0,0,0,0,0,0,0,0,0,0,0,0,0,0,0,0,0,0,0,0
Jäger 619 RS Saffron,0,0,0,0,0,0,0,0,0,0,0,0,0,0,0,0,0,0,0,0,0,0,0,0,0,0,0,0,0,0,0,0,0,0,0,0,0,0
Animus GP Pink,0,0,0,0,0,0,0,0,0,0,0,0,0,0,0,0,0,0,0,0,0,0,0,0,0,0,0,0,0,0,0,0,0,0,0,0,0,0
Jäger 619 RS Pink,0,0,0,0,0,0,0,0,0,0,0,0,0,0,0,0,0,0,0,0,0,0,0,0,0,0,0,0,0,0,0,0,0,0,0,0,0,0
Road Hog Purple,0,0,0,0,0,0,0,0,0,0,0,0,0,0,0,0,0,0,0,0,0,0,0,0,0,0,0,0,0,0,0,0,0,0,0,0,0,0
Jäger 619 RS,0.6,1.0,1.0,2.0,1.0,1.0,0,3.0,0.666666666667,0.666666666667,0.666666666667,1.0,1.5,0.5,0.75,0.75,1.0,0.6,0.6,1.0,4.0,2.0,1.75,1.2,1.75,3.5,2.66666666667,1.2,1.75,1.66666666667,0.666666666667,1.0,1.0,0,0.333333333333,0,0.5,0.75
Werewolf Grey,0,0,0,0,0,0,0,0,0,0,0,0,0,0,0,0,0,0,0,0,0,0,0,0,0,0,0,0,0,0,0,0,0,0,0,0,0,0
Merc Saffron,0,0,0,0,0,0,0,0,0,0,0,0,0,0,0,0,0,0,0,0,0,0,0,0,0,0,0,0,0,0,0,0,0,0,0,0,0,0
Hypnotik Grey,0,0,0,0,0,0,0,0,0,0,0,0,0,0,0,0,0,0,0,0,0,0,0,0,0,0,0,0,0,0,0,0,0,0,0,0,0,0
REEVRB Lime,0,0,0,0,0,0,0,0,0,0,0,0,0,0,0,0,0,0,0,0,0,0,0,0,0,0,0,0,0,0,0,0,0,0,0,0,0,0
REEVRB Saffron,0,0,0,0,0,0,0,0,0,0,0,0,0,0,0,0,0,0,0,0,0,0,0,0,0,0,0,0,0,0,0,0,0,0,0,0,0,0
Samurai Sky Blue,0,0,0,0,0,0,0,0,0,0,0,0,0,0,0,0,0,0,0,0,0,0,0,0,0,0,0,0,0,0,0,0,0,0,0,0,0,0
Apex Lime,0,0,0,0,0,0,0,0,0,0,0,0,0,0,0,0,0,0,0,0,0,0,0,0,0,0,0,0,0,0,0,0,0,0,0,0,0,0
Apex Purple,0,0,0,0,0,0,0,0,0,0,0,0,0,0,0,0,0,0,0,0,0,0,0,0,0,0,0,0,0,0,0,0,0,0,0,0,0,0
Sparkles Lime,0,0,0,0,0,0,0,0,0,0,0,0,0,0,0,0,0,0,0,0,0,0,0,0,0,0,0,0,0,0,0,0,0,0,0,0,0,0
Sparkles Purple,0,0,0,0,0,0,0,0,0,0,0,0,0,0,0,0,0,0,0,0,0,0,0,0,0,0,0,0,0,0,0,0,0,0,0,0,0,0
Breakout Titanium White,0,0,0,0,0,0,0,0,0,0,0,0,0,0,0,0,0,0,0,0,0,0,0,0,0,0,0,0,0,0,0,0,0,0,0,0,0,0
Narwhal,0,0,0,0,0,0,0,0,0,0,0,0,0,0,0,0,0,0,0,0,0,0,0,0,0,0,0,0,0,0,0,0,0,0,0,0,0,0
Bowler Titanium White,0,0,0,0,0,0,0,0,0,0,0,0,0,0,0,0,0,0,0,0,0,0,0,0,0,0,0,0,0,0,0,0,0,0,0,0,0,0
Octane Saffron,0,0,0,0,0,0,0,0,0,0,0,0,0,0,0,0,0,0,0,0,0,0,0,0,0,0,0,0,0,0,0,0,0,0,0,0,0,0
Draco Saffron,0,0,0,0,0,0,0,0,0,0,0,0,0,0,0,0,0,0,0,0,0,0,0,0,0,0,0,0,0,0,0,0,0,0,0,0,0,0
Werewolf Saffron,0,0,0,0,0,0,0,0,0,0,0,0,0,0,0,0,0,0,0,0,0,0,0,0,0,0,0,0,0,0,0,0,0,0,0,0,0,0
Toon Sketch Saffron,0,0,0,0,0,0,0,0,0,0,0,0,0,0,0,0,0,0,0,0,0,0,0,0,0,0,0,0,0,0,0,0,0,0,0,0,0,0
Royal Crown Saffron,0,0,0,0,0,0,0,0,0,0,0,0,0,0,0,0,0,0,0,0,0,0,0,0,0,0,0,0,0,0,0,0,0,0,0,0,0,0
Wonderment,2.0,2.66666666667,3.0,2.66666666667,8.0,1.5,1.0,1.75,2.5,2.66666666667,2.66666666667,2.66666666667,6.0,5.0,0,0,0.5,0.5,0.25,1.0,1.25,0,1.66666666667,1.66666666667,2.25,2.5,1.5,1.66666666667,1.0,1.5,8.0,3.5,5.33333333333,4.33333333333,2.33333333333,0,4.0,3.66666666667
Fractal Fire,0,0,0,0,0,0,0,0,0,0,0,0,0,0,0.666666666667,0.666666666667,0.5,0.5,0.4,0.5,0,0.5,0,0,0,2.0,1.33333333333,1.0,1.0,0.75,0.4,0,0,0,2.0,2.0,0.5,3.0
Hypnotik Cobalt,0,0,0,0,0,0,0,0,0,0,0,0,0,0,0,0,0,0,0,0,0,0,0,0,0,0,0,0,0,0,0,0,0,0,0,0,0,0
Apex Titanium White,0,0,0,0,0,0,0,0,0,0,0,0,0,0,0,0,0,0,0,0,0,0,0,0,0,0,0,0,0,0,0,0,0,0,0,0,0,0
Apex Black,0,0,0,0,0,0,0,0,0,0,0,0,0,0,0,0,0,0,0,0,0,0,0,0,0,0,0,0,0,0,0,0,0,0,0,0,0,0
Equalizer Orange,0,0,0,0,0,0,0,0,0,0,0,0,0,0,0,0,0,0,0,0,0,0,0,0,0,0,0,0,0,0,0,0,0,0,0,0,0,0
FGSP Orange,0,0,0,0,0,0,0,0,0,0,0,0,0,0,0,0,0,0,0,0,0,0,0,0,0,0,0,0,0,0,0,0,0,0,0,0,0,0
Hikari P5 Orange,0,0,0,0,0,0,0,0,0,0,0,0,0,0,0,0,0,0,0,0,0,0,0,0,0,0,0,0,0,0,0,0,0,0,0,0,0,0
Razzle Crimson,0,0,0,0,0,0,0,0,0,0,0,0,0,0,0,0,0,0,0,0,0,0,0,0,0,0,0,0,0,0,0,0,0,0,0,0,0,0
Infinium Forest Green,0,0,0,0,0,0,0,0,0,0,0,0,0,0,0,0,0,0,0,0,0,0,0,0,0,0,0,0,0,0,0,0,0,0,0,0,0,0
Zomba Lime,0,0,0,0,0,0,0,0,0,0,0,0,0,0,0,0,0,0,0,0,0,0,0,0,0,0,0,0,0,0,0,0,0,0,0,0,0,0
Pulsus Orange,0,0,0,0,0,0,0,0,0,0,0,0,0,0,0,0,0,0,0,0,0,0,0,0,0,0,0,0,0,0,0,0,0,0,0,0,0,0
Endo Purple,0,0,0,0,0,0,0,0,0,0,0,0,0,0,0,0,0,0,0,0,0,0,0,0,0,0,0,0,0,0,0,0,0,0,0,0,0,0
Chakram Orange,0,0,0,0,0,0,0,0,0,0,0,0,0,0,0,0,0,0,0,0,0,0,0,0,0,0,0,0,0,0,0,0,0,0,0,0,0,0
Doughnut Cobalt,0,0,0,0,0,0,0,0,0,0,0,0,0,0,0,0,0,0,0,0,0,0,0,0,0,0,0,0,0,0,0,0,0,0,0,0,0,0
Doughnut Saffron,0,0,0,0,0,0,0,0,0,0,0,0,0,0,0,0,0,0,0,0,0,0,0,0,0,0,0,0,0,0,0,0,0,0,0,0,0,0
Peppermint Cobalt,0,0,0,0,0,0,0,0,0,0,0,0,0,0,0,0,0,0,0,0,0,0,0,0,0,0,0,0,0,0,0,0,0,0,0,0,0,0
Saptarishi Crimson,0,0,0,0,0,0,0,0,0,0,0,0,0,0,0,0,0,0,0,0,0,0,0,0,0,0,0,0,0,0,0,0,0,0,0,0,0,0
Netherworld,0,0,0,0,0,0,0,0,0,0,0,0,0,0,0,0,0,0,0,0,0,0,0,0,0,0,0,0,0,0,0,0,2.0,0,0,0,0,0
Magic Missile Crimson,0,0,0,0,0,0,0,0,0,0,0,0,0,0,0,0,0,0,0,0,0,0,0,0,0,0,0,0,0,0,0,0,0,0,0,0,0,0
Polygonal,0.5,0,0,0,0,0,0.5,0.333333333333,0,0,0,0,0,0,0,0,0,0,0,0,0,0,0,0,0,0,0,0,0.5,0.5,0,0,0,0,0,0,1.0,1.0
Pork Pie Burnt Sienna,0,0,0,0,0,0,0,0,0,0,0,0,0,0,0,0,0,0,0,0,0,0,0,0,0,0,0,0,0,0,0,0,0,0,0,0,0,0
Fez Purple,0,0,0,0,0,0,0,0,0,0,0,0,0,0,0,0,0,0,0,0,0,0,0,0,0,0,0,0,0,0,0,0,0,0,0,0,0,0
Looper Sky Blue,0,0,0,0,0,0,0,0,0,0,0,0,0,0,0,0,0,0,0,0,0,0,0,0,0,0,0,0,0,0,0,0,0,0,0,0,0,0
Latte Titanium White,0,0,0,0,0,0,0,0,0,0,0,0,0,0,0,0,0,0,0,0,0,0,0,0,0,0,0,0,0,0,0,0,0,0,0,0,0,0
Top Hat Sky Blue,0,0,0,0,0,0,0,0,0,0,0,0,0,0,0,0,0,0,0,0,0,0,0,0,0,0,0,0,0,0,0,0,0,0,0,0,0,0
Ivy Cap Forest Green,0,0,0,0,0,0,0,0,0,0,0,0,0,0,0,0,0,0,0,0,0,0,0,0,0,0,0,0,0,0,0,0,0,0,0,0,0,0
RLCS,1.4,0.166666666667,0.0909090909091,0.5,1.0,0.272727272727,0.214285714286,0.125,0.222222222222,0.125,0.5,0.5,0.5,1.0,0.5,0.25,0.5,1.0,1.5,1.0,0,1.0,0,0,0,0.1,0.0833333333333,0.2,1.0,0.5,0.333333333333,0.25,0,0,0,0,0,0.25
Froggy Forest Green,0,0,0,0,0,0,0,0,0,0,0,0,0,0,0,0,0,0,0,0,0,0,0,0,0,0,0,0,0,0,0,0,0,0,0,0,0,0
Froggy,0.25,0,0,0,0,0,0,0,0,0,0,0,0,0,0,0,0,0,0,0,0,0,0,0,0,0,0,0,0,0,0,0,0,0,0,0,0,0
Distortion,0.5,0.5,0,4.5,4.5,0,0,0,0,0,0,0,0,0,0,0,0,0,0.25,0.25,0.166666666667,0.25,0.333333333333,1.0,0,0,0.5,0.5,0.333333333333,0,0,0,0,0,0,0.2,0.333333333333,1.0
Furry,0,0,0,0,0,0,0,0,0,0,0,0,0,0,0,0,0,0,0,0,0,0,0,0,0,0,0,0,0,0,0,0,0,0,0,0,0,0
Animus GP,0,0,0,0,0,0,0.333333333333,0.5,0.333333333333,0.166666666667,0.166666666667,0.2,0.333333333333,0.142857142857,0.4,0.4,0.5,0.5,0.2,0.5,0.25,0.2,0.25,0.333333333333,0.5,0.333333333333,0.25,0.166666666667,0.166666666667,0.166666666667,0,0,0,0,0.25,1.0,0,0
Power-shot,0,0.5,2.33333333333,2.33333333333,2.33333333333,0,9.0,13.0,6.0,4.0,2.0,1.33333333333,0.333333333333,3.25,7.0,7.0,7.0,7.0,14.0,0,0,0,0,0,0,0.25,0.333333333333,0.25,0.5,0,1.0,4.0,0,0,0,0,0,0.5
Yuzo,0,0,0,0,0,0,0,0,0.333333333333,0.333333333333,0.333333333333,0.333333333333,0.333333333333,0.333333333333,0.5,0.333333333333,0.25,0.333333333333,0.333333333333,0.5,0,1.0,1.0,0.5,1.83333333333,1.66666666667,0,1.0,0.2,0,0,0,0,1.0,0,0,0,1.0
Trinity,0,0,0,0,0,0,0,0,0,0,0,1.0,1.0,1.0,1.0,1.0,1.0,0.333333333333,0,0,0,0,0,0,0,0,0,0,0,0,0,0,0,0,0,0,0,2.0
Draco Pink,0,0,0,0,0,0,0,0,0,0,0,0,0,0,0,0,0,0,0,0,0,0,0,0,0,0,0,0,0,0,0,0,0,0,0,0,0,0
Looper Crimson,0,0,0,0,0,0,0,0,0,0,0,0,0,0,0,0,0,0,0,0,0,0,0,0,0,0,0,0,0,0,0,0,0,0,0,0,0,0
Infinium Saffron,0,0,0,0,0,0,0,0,0,0,0,0,0,0,0,0,0,0,0,0,0,0,0,0,0,0,0,0,0,0,0,0,0,0,0,0,0,0
Buzz Kill,0,0,0,0,0,1.0,1.0,0,0,0,0,0,0,0,0,0,0,0,0,0,0,0,0,0,0,0,0,0,0,0,0,0,0,0,0,0,0,0
EKG-OMG,0,0,0,0,0.333333333333,0,0.5,2.0,4.0,2.0,4.0,1.5,1.5,1.0,0.25,0.2,0.166666666667,0.142857142857,0,0,0,0,0,0,0,0,0,0,0,0.666666666667,0.666666666667,0,0.666666666667,0.5,0,0,0.5,2.0
EQ,0,0,0,0,0,0,0,0,0,0,0,0,0,0,0,0,0,0,0,0,0.125,0.166666666667,0.142857142857,0,0,0.142857142857,0.125,0.222222222222,1.0,0,0,1.0,2.0,0,0,0,0.5,0
Slimline,0,0,0,0,0,0,0,0,0,0,0,0,0,0,0,0,0,0,0,0,0,0,0,0,0,0,0,0,0,0,0,0,0,0,0,0,0,0
Tagged Titanium White,0,0,0,0,0,0,0,0,0,0,0,0,0,0,0,0,0,0,0,0,0,0,0,0,0,0,0,0,0,0,0,0,0,0,0,0,0,0
MG-88,0,0,0,0,0,0,0,0,0,0,0,0,0,0,0,0,0,0,0,0,0,0,0,0,0,0,0,0,0,0,0,0,0,1.0,0,0,0,0
Hypnotik Black,0,0,0,0,0,0,0,0,0,0,0,0,0,0,0,0,0,0,0,0,0,0,0,0,0,0,0,0,0,0,0,0,0,0,0,0,0,0
Wonderment Lime,0,0,0,0,0,0,0,0,0,0,0,0,0,0,0,0,0,0,0,0,0,0,0,0,0,0,0,0,0,0,0,0,0,0,0,0,0,0
Fractal Fire Black,0,0,0,0,0,0,0,0,0,0,0,0,0,0,0,0,0,0,0,0,0,0,0,0,0,0,0,0,0,0,0,0,0,0,0,0,0,0
Peppermint Sky Blue,0,0,0,0,0,0,0,0,0,0,0,0,0,0,0,0,0,0,0,0,0,0,0,0,0,0,0,0,0,0,0,0,0,0,0,0,0,0
Endo Crimson,0,0,0,0,0,0,0,0,0,0,0,0,0,0,0,0,0,0,0,0,0,0,0,0,0,0,0,0,0,0,0,0,0,0,0,0,0,0
Chakram Lime,0,0,0,0,0,0,0,0,0,0,0,0,0,0,0,0,0,0,0,0,0,0,0,0,0,0,0,0,0,0,0,0,0,0,0,0,0,0
Geo Soul Cobalt,0,0,0,0,0,0,0,0,0,0,0,0,0,0,0,0,0,0,0,0,0,0,0,0,0,0,0,0,0,0,0,0,0,0,0,0,0,0
Gaiden Saffron,0,0,0,0,0,0,0,0,0,0,0,0,0,0,0,0,0,0,0,0,0,0,0,0,0,0,0,0,0,0,0,0,0,0,0,0,0,0
Fireplug Crimson,0,0,0,0,0,0,0,0,0,0,0,0,0,0,0,0,0,0,0,0,0,0,0,0,0,0,0,0,0,0,0,0,0,0,0,0,0,0
Looper Purple,0,0,0,0,0,0,0,0,0,0,0,0,0,0,0,0,0,0,0,0,0,0,0,0,0,0,0,0,0,0,0,0,0,0,0,0,0,0
Thermal Crimson,0,0,0,0,0,0,0,0,0,0,0,0,0,0,0,0,0,0,0,0,0,0,0,0,0,0,0,0,0,0,0,0,0,0,0,0,0,0
Power-shot Pink,0,0,0,0,0,0,0,0,0,0,0,0,0,0,0,0,0,0,0,0,0,0,0,0,0,0,0,0,0,0,0,0,0,0,0,0,0,0
Halo Black,0,0,0,0,0,0,0,0,0,0,0,0,0,0,0,0,0,0,0,0,0,0,0,0,0,0,0,0,0,0,0,0,0,0,0,0,0,0
Balla-Carrà Black,0,0,0,0,0,0,0,0,0,0,0,0,0,0,0,0,0,0,0,0,0,0,0,0,0,0,0,0,0,0,0,0,0,0,0,0,0,0
Infinium,7.0,5.0,0.333333333333,0.666666666667,0.857142857143,1.33333333333,6.0,0,19.0,2.66666666667,2.66666666667,2.0,1.0,1.0,0.666666666667,1.2,0.6,0.9,1.0,1.125,1.5,6.0,1.0,0.5,2.0,1.71428571429,3.5,2.0,1.0,0.333333333333,0.285714285714,1.4,5.0,2.33333333333,0.4,1.5,2.33333333333,3.0
Neptune Pink,0,0,0,0,0,0,0,0,0,0,0,0,0,0,0,0,0,0,0,0,0,0,0,0,0,0,0,0,0,0,0,0,0,0,0,0,0,0
Kilowatt,2.0,0,1.0,2.0,2.0,0,0,0,0,0,0,0,0,0,0,0,0,0,3.0,3.0,3.0,2.0,0,0,0,0,0,0,0,1.0,1.0,1.0,0,1.0,0,0,0,0
Clockwork Saffron,0,0,0,0,0,0,0,0,0,0,0,0,0,0,0,0,0,0,0,0,0,0,0,0,0,0,0,0,0,0,0,0,0,0,0,0,0,0
Calculated,2.0,0,0,0,1.0,5.0,5.0,2.0,1.5,0.5,1.0,2.0,1.0,0.666666666667,0.666666666667,0.333333333333,0,0,0,0,0,0.5,1.0,0,0,0,1.0,2.0,0.5,0.5,0,0,0,0,0,0,1.0,1.0
Gaiden Sky Blue,0,0,0,0,0,0,0,0,0,0,0,0,0,0,0,0,0,0,0,0,0,0,0,0,0,0,0,0,0,0,0,0,0,0,0,0,0,0
Falco Sky Blue,0,0,0,0,0,0,0,0,0,0,0,0,0,0,0,0,0,0,0,0,0,0,0,0,0,0,0,0,0,0,0,0,0,0,0,0,0,0
Twisted Tree,0,0,0,0,0,0,0,0,0,0,0,0,0,0,0,0,0,0,0,0,0,0,0,0,0,0,0,0,0,0,0,0,0,0,0,0,0,0
Stegosaur,6.0,8.0,5.0,0,0,0,0,0,0,0,0,0,0,0,0,0,0,6.0,3.0,3.0,3.0,3.0,0,0,0,0,0,6.0,8.0,0,0,0,0,0,0,5.0,0,0
Chainsaw,0,0,0,0,0,0,0,0,0,0,0,0,0,0,0,0,0,0,0,0,0,0,0,0,0,0,0,0,0,0,0,0,0,0,0,0,0,0
Halo Lime,0,0,0,0,0,0,0,0,0,0,0,0,0,0,0,0,0,0,0,0,0,0,0,0,0,0,0,0,0,0,0,0,0,0,0,0,0,0
Halo Orange,0,0,0,0,0,0,0,0,0,0,0,0,0,0,0,0,0,0,0,0,0,0,0,0,0,0,0,0,0,0,0,0,0,0,0,0,0,0
Hard Hat Titanium White,0,0,0,0,0,0,0,0,0,0,0,0,0,0,0,0,0,0,0,0,0,0,0,0,0,0,0,0,0,0,0,0,0,0,0,0,0,0
Trucker Hat Titanium White,0,0,0,0,0,0,0,0,0,0,0,0,0,0,0,0,0,0,0,0,0,0,0,0,0,0,0,0,0,0,0,0,0,0,0,0,0,0
Balla-Carrà Titanium White,0,0,0,0,0,0,0,0,0,0,0,0,0,0,0,0,0,0,0,0,0,0,0,0,0,0,0,0,0,0,0,0,0,0,0,0,0,0
Dragon Wings,2.0,0.5,0,0,0,1.0,0.5,0.5,0,0,0,0,0,0,0,0,0,0,0,0,0,0,0,0,0,0,0,0,1.0,0,0,0,1.0,0,0.5,0,0,0.5
Derby Titanium White,0,0,0,0,0,0,0,0,0,0,0,0,0,0,0,0,0,0,0,0,0,0,0,0,0,0,0,0,0,0,0,0,0,0,0,0,0,0
Hawaiian Lei Crimson,0,0,0,0,0,0,0,0,0,0,0,0,0,0,0,0,0,0,0,0,0,0,0,0,0,0,0,0,0,0,0,0,0,0,0,0,0,0
Hawaiian Lei Cobalt,0,0,0,0,0,0,0,0,0,0,0,0,0,0,0,0,0,0,0,0,0,0,0,0,0,0,0,0,0,0,0,0,0,0,0,0,0,0
OEM Grey,0,0,0,0,0,0,0,0,0,0,0,0,0,0,0,0,0,0,0,0,0,0,0,0,0,0,0,0,0,0,0,0,0,0,0,0,0,0
Lightning,11.0,11.0,16.0,0,0,1.16666666667,1.16666666667,1.33333333333,1.83333333333,0,0,10.0,11.0,11.0,10.0,6.0,9.0,0,0,0,0,0,7.0,17.0,6.5,3.5,3.0,0,4.5,4.5,2.0,2.66666666667,1.5,2.66666666667,0.8,2.0,5.0,2.5
Rainbow,0,0,0,0,0,0,0,0,0,0,0,0,0,0,0,0,0,0,0,0,0,0,0,0,0,0,0,0,0,0,0,0,0,0,0,0,0,0
Octane ZSR,1.5,4.0,13.0,9.0,2.5,3.0,6.0,8.0,3.5,5.0,0.875,1.0,1.125,1.14285714286,1.33333333333,0.833333333333,6.0,2.0,1.75,1.25,1.0,1.0,1.0,0.333333333333,0.75,2.66666666667,3.0,1.5,0.666666666667,0.666666666667,2.0,7.0,0,0.571428571429,0,6.0,0.5,0.666666666667
Fireworks,1.0,1.33333333333,1.25,0.833333333333,1.0,1.0,1.66666666667,4.5,3.5,4.0,2.33333333333,2.0,1.25,0.75,0.5,0.5,0.6,0.25,0.222222222222,0.25,0.375,0.428571428571,0.25,0.142857142857,0.142857142857,0,0,0.333333333333,0.666666666667,0.166666666667,0.307692307692,0.416666666667,0.444444444444,0.5,0.857142857143,1.0,5.0,2.5
Werewolf Crimson,0,0,0,0,0,0,0,0,0,0,0,0,0,0,0,0,0,0,0,0,0,0,0,0,0,0,0,0,0,0,0,0,0,0,0,0,0,0
Septem Titanium White,0,0,0,0,0,0,0,0,0,0,0,0,0,0,0,0,0,0,0,0,0,0,0,0,0,0,0,0,0,0,0,0,0,0,0,0,0,0
Kalos Crimson,0,0,0,0,0,0,0,0,0,0,0,0,0,0,0,0,0,0,0,0,0,0,0,0,0,0,0,0,0,0,0,0,0,0,0,0,0,0
Pulsus Purple,0,0,0,0,0,0,0,0,0,0,0,0,0,0,0,0,0,0,0,0,0,0,0,0,0,0,0,0,0,0,0,0,0,0,0,0,0,0
Blast Ray Crimson,0,0,0,0,0,0,0,0,0,0,0,0,0,0,0,0,0,0,0,0,0,0,0,0,0,0,0,0,0,0,0,0,0,0,0,0,0,0
Halo Crimson,0,0,0,0,0,0,0,0,0,0,0,0,0,0,0,0,0,0,0,0,0,0,0,0,0,0,0,0,0,0,0,0,0,0,0,0,0,0
Halo Titanium White,0,0,0,0,0,0,0,0,0,0,0,0,0,0,0,0,0,0,0,0,0,0,0,0,0,0,0,0,0,0,0,0,0,0,0,0,0,0
Champions Crate 1,2.0,1.0,0.272727272727,0.181818181818,1.0,0.357142857143,0.416666666667,0.615384615385,0.384615384615,2.5,6.0,0,0,0,0,1.5,1.0,1.5,1.25,1.25,2.5,0,0.0909090909091,0.0909090909091,0.0909090909091,0,0,3.0,3.0,1.0,0.5,2.0,0.166666666667,0.0909090909091,4.0,0.5,0,3.0
Champions Crate 3,2.33333333333,2.0,0.2,0.133333333333,0,0.25,0.294117647059,0.444444444444,0.277777777778,2.0,7.0,0,0,0,0,0,0,0,0,0,0,0,0.0666666666667,0.0666666666667,0.0666666666667,0,0,0,0,31.0,10.3333333333,0.6,0.166666666667,0.0666666666667,0,2.0,0,0
Champions Crate 4,2.76923076923,1.46666666667,0.769230769231,0.5,1.0,0.681818181818,0.777777777778,1.24137931034,1.13333333333,1.75,1.72222222222,1.86666666667,1.2,2.8,3.0,3.25,7.5,10.3333333333,10.3333333333,8.5,5.5,2.85714285714,0.666666666667,0.32,0.346153846154,0.875,1.66666666667,2.0,1.625,1.14285714286,1.33333333333,3.0,1.53846153846,1.4,3.33333333333,5.0,0.333333333333,0.8
Trigon,2.25,1.75,2.0,2.33333333333,3.33333333333,3.8,4.66666666667,3.33333333333,3.57142857143,4.16666666667,3.83333333333,4.6,3.83333333333,4.16666666667,5.75,4.2,4.4,4.4,4.75,3.8,2.875,3.42857142857,3.85714285714,2.5,2.375,1.75,2.33333333333,3.14285714286,2.18181818182,1.18181818182,2.6,3.0,4.0,3.8,3.5,4.66666666667,1.88888888889,3.28571428571
Zomba Titanium White,0,0,0,0,0,0,0,0,0,0,0,0,0,0,0,0,0,0,0,0,0,0,0,0,0,0,0,0,0,0,0,0,0,0,0,0,0,0
Unicorn,2.0,0,0,0,3.0,0,0,0,0,0,0,0,0,0,0,0,0,0,0,0,0,0,0,0,0,0,2.0,2.0,0.666666666667,1.0,0,0,0,0,0,0.5,0,1.0
Lightspeed,0,0,0,0,0,0,0,0,0,0,0,0,0,0,0,0,0,0,0,0,0,0,0,0,0,0,0,0,0,0,0,0,0,0,0,0,0,0
Aether,0,0,0,0,0,0,0,0,0,0,0.25,0.333333333333,0.333333333333,0.333333333333,0.5,0.2,0,0,0,0,0.25,0.4,0.125,0,0,0,0,0.1,0.166666666667,0,0,0,0,0,0,0,0,0
Diomedes Black,0,0,0,0,0,0,0,0,0,0,0,0,0,0,0,0,0,0,0,0,0,0,0,0,0,0,0,0,0,0,0,0,0,0,0,0,0,0
Diomedes Titanium White,0,0,0,0,0,0,0,0,0,0,0,0,0,0,0,0,0,0,0,0,0,0,0,0,0,0,0,0,0,0,0,0,0,0,0,0,0,0
Kyrios Sky Blue,0,0,0,0,0,0,0,0,0,0,0,0,0,0,0,0,0,0,0,0,0,0,0,0,0,0,0,0,0,0,0,0,0,0,0,0,0,0
Triplex,0,0,0.333333333333,2.0,0,0,0,0,0,0,0,0,0,0,0,0,0,0,0,0,0,0,0,0,0,2.0,2.0,2.0,0,0,0,0.5,0,0,0,0,0,0
Hikari P5 Purple,0,0,0,0,0,0,0,0,0,0,0,0,0,0,0,0,0,0,0,0,0,0,0,0,0,0,0,0,0,0,0,0,0,0,0,0,0,0
Fractal Fire Grey,0,0,0,0,0,0,0,0,0,0,0,0,0,0,0,0,0,0,0,0,0,0,0,0,0,0,0,0,0,0,0,0,0,0,0,0,0,0
Tsunami Beam Pink,0,0,0,0,0,0,0,0,0,0,0,0,0,0,0,0,0,0,0,0,0,0,0,0,0,0,0,0,0,0,0,0,0,0,0,0,0,0
Neo-Thermal Titanium White,0,0,0,0,0,0,0,0,0,0,0,0,0,0,0,0,0,0,0,0,0,0,0,0,0,0,0,0,0,0,0,0,0,0,0,0,0,0
Datastream Pink,0,0,0,0,0,0,0,0,0,0,0,0,0,0,0,0,0,0,0,0,0,0,0,0,0,0,0,0,0,0,0,0,0,0,0,0,0,0
Infinium Burnt Sienna,0,0,0,0,0,0,0,0,0,0,0,0,0,0,0,0,0,0,0,0,0,0,0,0,0,0,0,0,0,0,0,0,0,0,0,0,0,0
Tsunami Beam Purple,0,0,0,0,0,0,0,0,0,0,0,0,0,0,0,0,0,0,0,0,0,0,0,0,0,0,0,0,0,0,0,0,0,0,0,0,0,0
Samurai Crimson,0,0,0,0,0,0,0,0,0,0,0,0,0,0,0,0,0,0,0,0,0,0,0,0,0,0,0,0,0,0,0,0,0,0,0,0,0,0
Shisa,0,0.2,0.2,0,0,0,0,0,0,0,0,0,0,0,0,0,0,0,0,0,0,0,0,0,0,0,0,0,0,0,0,0,0,0,0,0,0,0
Zomba Black,0,0,0,0,0,0,0,0,0,0,0,0,0,0,0,0,0,0,0,0,0,0,0,0,0,0,0,0,0,0,0,0,0,0,0,0,0,0
Reaper,1.0,0,0,1.0,2.0,0.5,0,3.0,3.0,3.0,3.0,3.0,2.0,0,0,0,0,0.5,0.666666666667,1.0,2.0,2.0,2.0,1.0,2.0,3.0,3.0,3.0,1.5,0.5,0.5,1.5,0,0,0,0.5,1.0,0
Draco Grey,0,0,0,0,0,0,0,0,0,0,0,0,0,0,0,0,0,0,0,0,0,0,0,0,0,0,0,0,0,0,0,0,0,0,0,0,0,0
Blast Ray,0,0,0.9,0.642857142857,0.9,0,0,0.125,0.142857142857,0.166666666667,0.166666666667,0.2,0,0,0,0,0,0,0,0,0.111111111111,0.125,0.142857142857,0,0,0.75,0.375,0.333333333333,0,0,1.0,2.0,0.5,0.5,2.0,0.25,0,0
Two-Timer,0,0,0,0,0,0,0,0,0,0,0,0,0,0,0,0,0,0,0,0,0,0,0,0,0,0,0,0,0,0,0,0,0,0,0,0,0,0
Discotheque Titanium White,0,0,0,0,0,0,0,0,0,0,0,0,0,0,0,0,0,0,0,0,0,0,0,0,0,0,0,0,0,0,0,0,0,0,0,0,0,0
Equalizer Saffron,0,0,0,0,0,0,0,0,0,0,0,0,0,0,0,0,0,0,0,0,0,0,0,0,0,0,0,0,0,0,0,0,0,0,0,0,0,0
Gigapede,0,0,0,0,0,0,0,0,0,0,0,0,0,0,0,0,0,0,0,0,0,0,0,0,0,0,0,0,0,0,0,0,0,0,0,0,0,0
Smore'd,0,0,0,0,0,0,0,0,0,0,0,0,0,0,0,0,0,0,0,0,0,0,0,0,0,0,0,0,0,0,0,0,0,0,0,0,0,0
Turbo,0,0,0,0,0,0,0,0,0,0,0,0,0,0,0,0,0,0,0,0,0,0,0,0,0,0,0,0,0,0,0,0,0,0,0,0,0,0
Rad Reindeer Titanium White,0,0,0,0,0,0,0,0,0,0,0,0,0,0,0,0,0,0,0,0,0,0,0,0,0,0,0,0,0,0,0,0,0,0,0,0,0,0
Oni,0,0,0,0,0,0,0,0,0,0,0,0,0,0,0,0,0,0,0,0,0,0,0,0,0,0,0,0,0,0,0,0,0,0,0,0,0,0
Splatter,0,0,0,0,0,0,0,0,0,0,0,0,0,0,0,0,0,0,0,0,0,0,0,0,0,0,0,0,0,0,0,0,0,0,0,0,0,0
Jiangshi,0,0,0,0,0,0,0,0,0,0,0,0,0,0,0,0,0,0,0,0,0,0,0,0,0,0,0,0,0,0,0,0,0,0,0,0,0,0
Roadkill,0,0,0,0,0,0,0,0,0,0,0,0,0,0,0,0,0,0,0,0,0,0,0,0,0,0,0,0,0,0,0,0,0,0,0,0,0,0
Maximon,0,0,0,0,0,0,0,0,0,0.5,0,0,0,0,0,0,0,0,0,0,0,0,0,0,0,0,0,0,0,0,0,0,0,0,0,0,0,0
Clockwork Burnt Sienna,0,0,0,0,0,0,0,0,0,0,0,0,0,0,0,0,0,0,0,0,0,0,0,0,0,0,0,0,0,0,0,0,0,0,0,0,0,0
Turbine Black,0,0,0,0,0,0,0,0,0,0,0,0,0,0,0,0,0,0,0,0,0,0,0,0,0,0,0,0,0,0,0,0,0,0,0,0,0,0
Spiralis Orange,0,0,0,0,0,0,0,0,0,0,0,0,0,0,0,0,0,0,0,0,0,0,0,0,0,0,0,0,0,0,0,0,0,0,0,0,0,0
Octane Cobalt,0,0,0,0,0,0,0,0,0,0,0,0,0,0,0,0,0,0,0,0,0,0,0,0,0,0,0,0,0,0,0,0,0,0,0,0,0,0
Foam Hat Titanium White,0,0,0,0,0,0,0,0,0,0,0,0,0,0,0,0,0,0,0,0,0,0,0,0,0,0,0,0,0,0,0,0,0,0,0,0,0,0
Lone Wolf Titanium White,0,0,0,0,0,0,0,0,0,0,0,0,0,0,0,0,0,0,0,0,0,0,0,0,0,0,0,0,0,0,0,0,0,0,0,0,0,0
Plasma Titanium White,0,0,0,0,0,0,0,0,0,0,0,0,0,0,0,0,0,0,0,0,0,0,0,0,0,0,0,0,0,0,0,0,0,0,0,0,0,0
Thermal Titanium White,0,0,0,0,0,0,0,0,0,0,0,0,0,0,0,0,0,0,0,0,0,0,0,0,0,0,0,0,0,0,0,0,0,0,0,0,0,0
Sparkles Titanium White,0,0,0,0,0,0,0,0,0,0,0,0,0,0,0,0,0,0,0,0,0,0,0,0,0,0,0,0,0,0,0,0,0,0,0,0,0,0
Discotheque Sky Blue,0,0,0,0,0,0,0,0,0,0,0,0,0,0,0,0,0,0,0,0,0,0,0,0,0,0,0,0,0,0,0,0,0,0,0,0,0,0
Septem Forest Green,0,0,0,0,0,0,0,0,0,0,0,0,0,0,0,0,0,0,0,0,0,0,0,0,0,0,0,0,0,0,0,0,0,0,0,0,0,0
Looper Orange,0,0,0,0,0,0,0,0,0,0,0,0,0,0,0,0,0,0,0,0,0,0,0,0,0,0,0,0,0,0,0,0,0,0,0,0,0,0
Fireplug Lime,0,0,0,0,0,0,0,0,0,0,0,0,0,0,0,0,0,0,0,0,0,0,0,0,0,0,0,0,0,0,0,0,0,0,0,0,0,0
Pulsus Black,0,0,0,0,0,0,0,0,0,0,0,0,0,0,0,0,0,0,0,0,0,0,0,0,0,0,0,0,0,0,0,0,0,0,0,0,0,0
SLK Titanium White,0,0,0,0,0,0,0,0,0,0,0,0,0,0,0,0,0,0,0,0,0,0,0,0,0,0,0,0,0,0,0,0,0,0,0,0,0,0
Kalos Forest Green,0,0,0,0,0,0,0,0,0,0,0,0,0,0,0,0,0,0,0,0,0,0,0,0,0,0,0,0,0,0,0,0,0,0,0,0,0,0
Infinium Titanium White,0,0,0,0,0,0,0,0,0,0,0,0,0,0,0,0,0,0,0,0,0,0,0,0,0,0,0,0,0,0,0,0,0,0,0,0,0,0
Voltaic Forest Green,0,0,0,0,0,0,0,0,0,0,0,0,0,0,0,0,0,0,0,0,0,0,0,0,0,0,0,0,0,0,0,0,0,0,0,0,0,0
Kalos Titanium White,0,0,0,0,0,0,0,0,0,0,0,0,0,0,0,0,0,0,0,0,0,0,0,0,0,0,0,0,0,0,0,0,0,0,0,0,0,0
Discotheque Cobalt,0,0,0,0,0,0,0,0,0,0,0,0,0,0,0,0,0,0,0,0,0,0,0,0,0,0,0,0,0,0,0,0,0,0,0,0,0,0
Nipper Crimson,0,0,0,0,0,0,0,0,0,0,0,0,0,0,0,0,0,0,0,0,0,0,0,0,0,0,0,0,0,0,0,0,0,0,0,0,0,0
Peppermint Titanium White,0,0,0,0,0,0,0,0,0,0,0,0,0,0,0,0,0,0,0,0,0,0,0,0,0,0,0,0,0,0,0,0,0,0,0,0,0,0
K2 Black,0,0,0,0,0,0,0,0,0,0,0,0,0,0,0,0,0,0,0,0,0,0,0,0,0,0,0,0,0,0,0,0,0,0,0,0,0,0
Zomba Purple,0,0,0,0,0,0,0,0,0,0,0,0,0,0,0,0,0,0,0,0,0,0,0,0,0,0,0,0,0,0,0,0,0,0,0,0,0,0
Werewolf Forest Green,0,0,0,0,0,0,0,0,0,0,0,0,0,0,0,0,0,0,0,0,0,0,0,0,0,0,0,0,0,0,0,0,0,0,0,0,0,0
Voltaic Lime,0,0,0,0,0,0,0,0,0,0,0,0,0,0,0,0,0,0,0,0,0,0,0,0,0,0,0,0,0,0,0,0,0,0,0,0,0,0
Wonderment Sky Blue,0,0,0,0,0,0,0,0,0,0,0,0,0,0,0,0,0,0,0,0,0,0,0,0,0,0,0,0,0,0,0,0,0,0,0,0,0,0
Fractal Fire Titanium White,0,0,0,0,0,0,0,0,0,0,0,0,0,0,0,0,0,0,0,0,0,0,0,0,0,0,0,0,0,0,0,0,0,0,0,0,0,0
Aether Grey,0,0,0,0,0,0,0,0,0,0,0,0,0,0,0,0,0,0,0,0,0,0,0,0,0,0,0,0,0,0,0,0,0,0,0,0,0,0
Infinium Pink,0,0,0,0,0,0,0,0,0,0,0,0,0,0,0,0,0,0,0,0,0,0,0,0,0,0,0,0,0,0,0,0,0,0,0,0,0,0
Toon Sketch Burnt Sienna,0,0,0,0,0,0,0,0,0,0,0,0,0,0,0,0,0,0,0,0,0,0,0,0,0,0,0,0,0,0,0,0,0,0,0,0,0,0
Tachyon Saffron,0,0,0,0,0,0,0,0,0,0,0,0,0,0,0,0,0,0,0,0,0,0,0,0,0,0,0,0,0,0,0,0,0,0,0,0,0,0
Tunica Titanium White,0,0,0,0,0,0,0,0,0,0,0,0,0,0,0,0,0,0,0,0,0,0,0,0,0,0,0,0,0,0,0,0,0,0,0,0,0,0
Popcorn,0,0,0,0,0,0,0,0.2,0.125,0.25,0.25,0.25,0.285714285714,0.166666666667,0.285714285714,0.142857142857,0.25,0.285714285714,0.142857142857,0.2,0.333333333333,0.5,0.25,0,0,0,0,0,0,0,0.333333333333,0.333333333333,0,0.5,0.5,0,0,0.333333333333
Electroshock,5.5,1.75,4.5,10.0,5.0,4.5,2.75,11.0,4.0,4.0,9.0,3.0,3.5,3.0,1.0,1.0,0.833333333333,0.857142857143,0.571428571429,0.75,0.666666666667,0.8,0.666666666667,0.5,0.4,0.6,0.25,0.666666666667,0.4,0.5,1.28571428571,0.875,0.6,1.75,1.4,3.0,2.0,1.33333333333
Clockwork Titanium White,0,0,0,0,0,0,0,0,0,0,0,0,0,0,0,0,0,0,0,0,0,0,0,0,0,0,0,0,0,0,0,0,0,0,0,0,0,0
Lustrum X10,1.0,0.5,0,0,0,0,0,0,0,0,0,0,0,0,0,0,0,0,0,0,0,0,0,0,0,0,0,0,0,0,0,0,0,0,0,0,0,0
WWE NXT,0,0,0,0,0,0,0,0,0,0,0,0,0,0,0,0,0,0,0,0,0,0,0,0,0,0,0,0,0,0,0,1.0,1.0,0,0,0,0,0
Triumph Crate Pink,0,0,0,0,0,0,0,0,0,0,0,0,0,0,0,0,0,0,0,0,0,0,0,0,0,0,0,0,0,0,0,0,0,0,0,0,0,0
Triumph Crate Purple,0,0,0,0,0,0,0,0,0,0,0,0,0,0,0,0,0,0,0,0,0,0,0,0,0,0,0,0,0,0,0,0,0,0,0,0,0,0
Triumph Crate Forest Green,0,0,0,0,0,0,0,0,0,0,0,0,0,0,0,0,0,0,0,0,0,0,0,0,0,0,0,0,0,0,0,0,0,0,0,0,0,0
Triumph Crate Saffron,0,0,0,0,0,0,0,0,0,0,0,0,0,0,0,0,0,0,0,0,0,0,0,0,0,0,0,0,0,0,0,0,0,0,0,0,0,0
Triumph Crate Orange,0,0,0,0,0,0,0,0,0,0,0,0,0,0,0,0,0,0,0,0,0,0,0,0,0,0,0,0,0,0,0,0,0,0,0,0,0,0
Triumph Crate Burnt Sienna,0,0,0,0,0,0,0,0,0,0,0,0,0,0,0,0,0,0,0,0,0,0,0,0,0,0,0,0,0,0,0,0,0,0,0,0,0,0
Triumph Crate Grey,0,0,0,0,0,0,0,0,0,0,0,0,0,0,0,0,0,0,0,0,0,0,0,0,0,0,0,0,0,0,0,0,0,0,0,0,0,0
Hikari P5,0,0,2.5,1.66666666667,0,0.2,0.333333333333,0.25,0,0,0,1.0,1.0,0,1.0,3.0,2.0,1.25,1.25,1.25,0,0,0,0.285714285714,0.25,0,0,0,0,0,0.333333333333,0.333333333333,0,0,1.0,0.5,0,0
Discotheque Forest Green,0,0,0,0,0,0,0,0,0,0,0,0,0,0,0,0,0,0,0,0,0,0,0,0,0,0,0,0,0,0,0,0,0,0,0,0,0,0
Equalizer Crimson,0,0,0,0,0,0,0,0,0,0,0,0,0,0,0,0,0,0,0,0,0,0,0,0,0,0,0,0,0,0,0,0,0,0,0,0,0,0
Hard Hat Lime,0,0,0,0,0,0,0,0,0,0,0,0,0,0,0,0,0,0,0,0,0,0,0,0,0,0,0,0,0,0,0,0,0,0,0,0,0,0
Werewolf Pink,0,0,0,0,0,0,0,0,0,0,0,0,0,0,0,0,0,0,0,0,0,0,0,0,0,0,0,0,0,0,0,0,0,0,0,0,0,0
Happy Holidays,0,1.0,0.5,0,0,0,0,0,0,0,0,0,0,0,0,0,0,0,0,0,0,0,0,0,0,0,0,0,0,0,0,0,0,0,0,0,0,0
Chrono Purple,0,0,0,0,0,0,0,0,0,0,0,0,0,0,0,0,0,0,0,0,0,0,0,0,0,0,0,0,0,0,0,0,0,0,0,0,0,0
Equalizer,1.5,1.5,11.0,3.33333333333,0.75,0.666666666667,5.0,0,5.0,1.5,0.5,0.5,1.0,0.25,0.5,0.5,0.5,1.0,0.75,1.0,2.0,2.66666666667,1.42857142857,1.16666666667,1.16666666667,0.25,0.5,1.0,0.8,0.6,1.33333333333,0.75,0.666666666667,0.25,3.66666666667,0.5,1.0,1.0
Tsunami Beam,0.25,0.125,0,0,0,0,0.2,0.25,0,0,0,0,0,0,0,0,0,0,0,0.2,0.166666666667,0.2,0,0.166666666667,0.2,0.333333333333,0.5,0.25,0.25,0,0,0.166666666667,1.0,2.0,0,0,0,0
Pulsus Sky Blue,0,0,0,0,0,0,0,0,0,0,0,0,0,0,0,0,0,0,0,0,0,0,0,0,0,0,0,0,0,0,0,0,0,0,0,0,0,0
Draco Forest Green,0,0,0,0,0,0,0,0,0,0,0,0,0,0,0,0,0,0,0,0,0,0,0,0,0,0,0,0,0,0,0,0,0,0,0,0,0,0
Revenant Purple,0,0,0,0,0,0,0,0,0,0,0,0,0,0,0,0,0,0,0,0,0,0,0,0,0,0,0,0,0,0,0,0,0,0,0,0,0,0
Magic Missile Saffron,0,0,0,0,0,0,0,0,0,0,0,0,0,0,0,0,0,0,0,0,0,0,0,0,0,0,0,0,0,0,0,0,0,0,0,0,0,0
Tachyon Lime,0,0,0,0,0,0,0,0,0,0,0,0,0,0,0,0,0,0,0,0,0,0,0,0,0,0,0,0,0,0,0,0,0,0,0,0,0,0
Sacred Pink,0,0,0,0,0,0,0,0,0,0,0,0,0,0,0,0,0,0,0,0,0,0,0,0,0,0,0,0,0,0,0,0,0,0,0,0,0,0
Power-shot Saffron,0,0,0,0,0,0,0,0,0,0,0,0,0,0,0,0,0,0,0,0,0,0,0,0,0,0,0,0,0,0,0,0,0,0,0,0,0,0
Thermal Grey,0,0,0,0,0,0,0,0,0,0,0,0,0,0,0,0,0,0,0,0,0,0,0,0,0,0,0,0,0,0,0,0,0,0,0,0,0,0
Imperator DT5 Burnt Sienna,0,0,0,0,0,0,0,0,0,0,0,0,0,0,0,0,0,0,0,0,0,0,0,0,0,0,0,0,0,0,0,0,0,0,0,0,0,0
Octavian Black,0,0,0,0,0,0,0,0,0,0,0,0,0,0,0,0,0,0,0,0,0,0,0,0,0,0,0,0,0,0,0,0,0,0,0,0,0,0
Hexphase Orange,0,0,0,0,0,0,0,0,0,0,0,0,0,0,0,0,0,0,0,0,0,0,0,0,0,0,0,0,0,0,0,0,0,0,0,0,0,0
Dune Racer Cobalt,0,0,0,0,0,0,0,0,0,0,0,0,0,0,0,0,0,0,0,0,0,0,0,0,0,0,0,0,0,0,0,0,0,0,0,0,0,0
Griffon Pink,0,0,0,0,0,0,0,0,0,0,0,0,0,0,0,0,0,0,0,0,0,0,0,0,0,0,0,0,0,0,0,0,0,0,0,0,0,0
Lone Wolf Lime,0,0,0,0,0,0,0,0,0,0,0,0,0,0,0,0,0,0,0,0,0,0,0,0,0,0,0,0,0,0,0,0,0,0,0,0,0,0
Christmas Tree Titanium White,0,0,0,0,0,0,0,0,0,0,0,0,0,0,0,0,0,0,0,0,0,0,0,0,0,0,0,0,0,0,0,0,0,0,0,0,0,0
Halo Sky Blue,0,0,0,0,0,0,0,0,0,0,0,0,0,0,0,0,0,0,0,0,0,0,0,0,0,0,0,0,0,0,0,0,0,0,0,0,0,0
Apex Crimson,0,0,0,0,0,0,0,0,0,0,0,0,0,0,0,0,0,0,0,0,0,0,0,0,0,0,0,0,0,0,0,0,0,0,0,0,0,0
Flamethrower Crimson,0,0,0,0,0,0,0,0,0,0,0,0,0,0,0,0,0,0,0,0,0,0,0,0,0,0,0,0,0,0,0,0,0,0,0,0,0,0
Fractal Fire Crimson,0,0,0,0,0,0,0,0,0,0,0,0,0,0,0,0,0,0,0,0,0,0,0,0,0,0,0,0,0,0,0,0,0,0,0,0,0,0
Devil Horns Sky Blue,0,0,0,0,0,0,0,0,0,0,0,0,0,0,0,0,0,0,0,0,0,0,0,0,0,0,0,0,0,0,0,0,0,0,0,0,0,0
Peppermint Saffron,0,0,0,0,0,0,0,0,0,0,0,0,0,0,0,0,0,0,0,0,0,0,0,0,0,0,0,0,0,0,0,0,0,0,0,0,0,0
Winning Streak,0,0,0,0,0,0,0.125,0.166666666667,0.166666666667,0,0,0,0,0,0,0,0,0,0,0,0,0,0,0,0,0,0,0,0,0,0,0,0,0,0,0,0,0
Stoic Muffin,0,0,0,0,0,0,0,0,0,0,0,0,0,0,0,0,0,0,0,0,0,0,0,0,0,0,0,0,0,0,0,0,0,0,0,0,0,0
Chakram Titanium White,0,0,0,0,0,0,0,0,0,0,0,0,0,0,0,0,0,0,0,0,0,0,0,0,0,0,0,0,0,0,0,0,0,0,0,0,0,0
Pulsus,0.333333333333,0.25,1.0,0,0,0,0,0.5,0.5,0.5,0.5,0.5,1.0,3.0,0,0,0,1.0,1.0,0.333333333333,0.75,1.0,0.666666666667,0.25,0.333333333333,0,0,0,3.0,0,2.0,0,0,4.5,0,0,3.33333333333,5.5
Endo Orange,0,0,0,0,0,0,0,0,0,0,0,0,0,0,0,0,0,0,0,0,0,0,0,0,0,0,0,0,0,0,0,0,0,0,0,0,0,0
Chrono Burnt Sienna,0,0,0,0,0,0,0,0,0,0,0,0,0,0,0,0,0,0,0,0,0,0,0,0,0,0,0,0,0,0,0,0,0,0,0,0,0,0
Pork Pie Forest Green,0,0,0,0,0,0,0,0,0,0,0,0,0,0,0,0,0,0,0,0,0,0,0,0,0,0,0,0,0,0,0,0,0,0,0,0,0,0
Wizard Hat Titanium White,0,0,0,0,0,0,0,0,0,0,0,0,0,0,0,0,0,0,0,0,0,0,0,0,0,0,0,0,0,0,0,0,0,0,0,0,0,0
Cromulon Pink,0,0,0,0,0,0,0,0,0,0,0,0,0,0,0,0,0,0,0,0,0,0,0,0,0,0,0,0,0,0,0,0,0,0,0,0,0,0
Revenant,0,0,0,0,0,0,0,0,0,0,0,0,0,0,0,0,0,0,0,0,0,0,0,0,0,0,0,0,0,0,0,0,0,0,0,0,0,0
Gaiden Purple,0,0,0,0,0,0,0,0,0,0,0,0,0,0,0,0,0,0,0,0,0,0,0,0,0,0,0,0,0,0,0,0,0,0,0,0,0,0
XVI Orange,0,0,0,0,0,0,0,0,0,0,0,0,0,0,0,0,0,0,0,0,0,0,0,0,0,0,0,0,0,0,0,0,0,0,0,0,0,0
MDGA Sky Blue,0,0,0,0,0,0,0,0,0,0,0,0,0,0,0,0,0,0,0,0,0,0,0,0,0,0,0,0,0,0,0,0,0,0,0,0,0,0
Narwhal Forest Green,0,0,0,0,0,0,0,0,0,0,0,0,0,0,0,0,0,0,0,0,0,0,0,0,0,0,0,0,0,0,0,0,0,0,0,0,0,0
Equalizer Sky Blue,0,0,0,0,0,0,0,0,0,0,0,0,0,0,0,0,0,0,0,0,0,0,0,0,0,0,0,0,0,0,0,0,0,0,0,0,0,0
Looper Cobalt,0,0,0,0,0,0,0,0,0,0,0,0,0,0,0,0,0,0,0,0,0,0,0,0,0,0,0,0,0,0,0,0,0,0,0,0,0,0
Clockwork Crimson,0,0,0,0,0,0,0,0,0,0,0,0,0,0,0,0,0,0,0,0,0,0,0,0,0,0,0,0,0,0,0,0,0,0,0,0,0,0
Balla-Carrà Grey,0,0,0,0,0,0,0,0,0,0,0,0,0,0,0,0,0,0,0,0,0,0,0,0,0,0,0,0,0,0,0,0,0,0,0,0,0,0
Hiro Crimson,0,0,0,0,0,0,0,0,0,0,0,0,0,0,0,0,0,0,0,0,0,0,0,0,0,0,0,0,0,0,0,0,0,0,0,0,0,0
Chrono Pink,0,0,0,0,0,0,0,0,0,0,0,0,0,0,0,0,0,0,0,0,0,0,0,0,0,0,0,0,0,0,0,0,0,0,0,0,0,0
Looper Black,0,0,0,0,0,0,0,0,0,0,0,0,0,0,0,0,0,0,0,0,0,0,0,0,0,0,0,0,0,0,0,0,0,0,0,0,0,0
Hikari P5 Cobalt,0,0,0,0,0,0,0,0,0,0,0,0,0,0,0,0,0,0,0,0,0,0,0,0,0,0,0,0,0,0,0,0,0,0,0,0,0,0
Standard Grey,0,0,0,0,0,0,0,0,0,0,0,0,0,0,0,0,0,0,0,0,0,0,0,0,0,0,0,0,0,0,0,0,0,0,0,0,0,0
Ion Titanium White,0,0,0,0,0,0,0,0,0,0,0,0,0,0,0,0,0,0,0,0,0,0,0,0,0,0,0,0,0,0,0,0,0,0,0,0,0,0
Wizard Hat Crimson,0,0,0,0,0,0,0,0,0,0,0,0,0,0,0,0,0,0,0,0,0,0,0,0,0,0,0,0,0,0,0,0,0,0,0,0,0,0
Kyrios Titanium White,0,0,0,0,0,0,0,0,0,0,0,0,0,0,0,0,0,0,0,0,0,0,0,0,0,0,0,0,0,0,0,0,0,0,0,0,0,0
Mantis,12.0,20.0,0,0,10.0,10.0,3.0,2.0,0.666666666667,1.0,1.0,1.0,1.0,1.0,0,0,0,3.66666666667,2.75,2.5,2.5,10.0,0,0,0,0,13.0,11.0,13.0,4.33333333333,6.0,12.0,5.0,11.0,2.0,4.0,0.666666666667,1.0
Rat Rod Pink,0,0,0,0,0,0,0,0,0,0,0,0,0,0,0,0,0,0,0,0,0,0,0,0,0,0,0,0,0,0,0,0,0,0,0,0,0,0
Candy Corn,0,0,0,0,0,0,0,0,0,0,0,0,0,0,0,0,0,0,0,0,0,0,0,0,0,0,0,0,0,0,0,0,0,0,0,0,0,0
Soccer Splash,0,0,0,0,0,0,0,0,0,0,0,0,0,0,0,0,0,0,0,0,0,0,0,0,0,0,0,0,0,0,0,0,0,0,0,0,0,0
Saptarishi,0,0,0,0,1.0,1.0,1.0,0,0.5,1.0,1.0,1.5,1.5,1.5,3.0,3.0,1.5,3.0,0.5,0.5,0,0.25,0.666666666667,1.0,12.0,0,1.0,1.0,1.0,0,1.0,1.0,2.0,0,0.75,2.0,0.333333333333,0.5
Voltaic,2.0,1.33333333333,0,3.0,4.0,5.0,0,0,0,0,0,8.0,6.5,7.0,3.0,3.0,1.6,2.0,0,0.333333333333,1.0,4.0,3.0,1.0,1.25,1.2,1.5,5.0,3.0,8.0,5.5,2.0,4.5,7.0,0,4.0,1.0,1.0
Octane Titanium White,0,0,0,0,0,0,0,0,0,0,0,0,0,0,0,0,0,0,0,0,0,0,0,0,0,0,0,0,0,0,0,0,0,0,0,0,0,0
Equalizer Purple,0,0,0,0,0,0,0,0,0,0,0,0,0,0,0,0,0,0,0,0,0,0,0,0,0,0,0,0,0,0,0,0,0,0,0,0,0,0
Jäger 619 RS Forest Green,0,0,0,0,0,0,0,0,0,0,0,0,0,0,0,0,0,0,0,0,0,0,0,0,0,0,0,0,0,0,0,0,0,0,0,0,0,0
Power-shot Lime,0,0,0,0,0,0,0,0,0,0,0,0,0,0,0,0,0,0,0,0,0,0,0,0,0,0,0,0,0,0,0,0,0,0,0,0,0,0
Little Cow,0,0,0,0,0,0,0,0,0,0,0,0,0,0,0,0,0,0,0,0,0,0,0,0,0,0,0,0,0,0,0,0,0,0,0,0,0,0
Gaiden Grey,0,0,0,0,0,0,0,0,0,0,0,0,0,0,0,0,0,0,0,0,0,0,0,0,0,0,0,0,0,0,0,0,0,0,0,0,0,0
Nipper Pink,0,0,0,0,0,0,0,0,0,0,0,0,0,0,0,0,0,0,0,0,0,0,0,0,0,0,0,0,0,0,0,0,0,0,0,0,0,0
Dominus GT,2.0,3.0,9.0,7.0,4.0,3.0,2.5,3.5,9.0,10.0,7.0,0,0,7.0,6.0,2.0,0.8,0.6,0.666666666667,0.4,0.333333333333,0.5,1.0,0.5,3.0,6.0,6.0,2.0,1.0,4.0,1.66666666667,2.0,0,1.0,1.5,1.5,0.285714285714,1.5
Takumi RX-T,0,1.0,0,0,0,0,0,0,0,0,0,0,0,0,1.0,1.0,1.0,1.0,1.0,0,0,0,0.5,0.5,2.0,1.0,1.0,0,0,0,0,0,0,0,0.5,0,0,1.0
ARA-51,1.0,0,0,0,0,0,0,0,0,0,0,0,0.5,0.5,0.5,0.5,0.5,0.5,0,0,0,0.5,0.333333333333,0.5,0,0,0,0,0,0,0,4.0,4.0,1.0,3.0,10.0,5.0,1.0
Spiralis,5.0,1.0,1.0,52.0,0,0.333333333333,1.33333333333,2.0,0,2.5,2.0,0.5,0.5,0.666666666667,0.666666666667,0.666666666667,1.0,2.5,2.5,4.0,7.0,4.0,3.0,11.0,0,5.0,5.0,0,0,0,0,0,0,3.0,5.0,0,11.0,0
Lobo,1.0,0,0,0,0,1.0,1.5,1.5,0,0,0,0,0,0,1.0,1.0,1.0,1.0,0,1.0,0,2.0,0.5,0,0,0,0,0,0,0,0,0,0,1.0,3.0,0,7.0,2.0
Dark Matter,0,0,0,0,0,0,0,0,0,0,0,0,0,0,0,0,0,0,0,0,0,0,0,0,0,0,0,0,0,0,0,0,0,0,0,0,1.0,0
Ninja Cobalt,0,0,0,0,0,0,0,0,0,0,0,0,0,0,0,0,0,0,0,0,0,0,0,0,0,0,0,0,0,0,0,0,0,0,0,0,0,0
Breakout,0,0,0,0,0,0,0,0,0,0,0,0,0,0,0,0,0,0,0,0,0,0,0,0,0,0,0,0,0,0,0,0,0,0,0,0,0,0
Clockwork,0.333333333333,0,0,0,0,0,0,0.333333333333,0.333333333333,0.25,0.25,0.25,1.0,1.0,1.0,0,0.333333333333,0.666666666667,0.333333333333,0.25,0.666666666667,2.0,1.0,0,0,2.0,5.0,0,2.0,1.0,0,0,0,0,0,0,0.5,0.5
Tachyon,0,0.5,0.4,0.25,0,0,0,0,0,0,0,0,0,0,0,0,0,9.0,4.5,4.5,3.5,0,0,0,0,0,0,0,0,0,0,6.0,2.0,0,0,0,0,0
Magic Missile Titanium White,0,0,0,0,0,0,0,0,0,0,0,0,0,0,0,0,0,0,0,0,0,0,0,0,0,0,0,0,0,0,0,0,0,0,0,0,0,0
Werewolf Sky Blue,0,0,0,0,0,0,0,0,0,0,0,0,0,0,0,0,0,0,0,0,0,0,0,0,0,0,0,0,0,0,0,0,0,0,0,0,0,0
Photon Titanium White,0,0,0,0,0,0,0,0,0,0,0,0,0,0,0,0,0,0,0,0,0,0,0,0,0,0,0,0,0,0,0,0,0,0,0,0,0,0
Saptarishi Titanium White,0,0,0,0,0,0,0,0,0,0,0,0,0,0,0,0,0,0,0,0,0,0,0,0,0,0,0,0,0,0,0,0,0,0,0,0,0,0
Ripped Comic,0,0.333333333333,0.5,0.2,0.2,0,0,0,0,0,0,0,0,0,0,0,0,0,0.25,0.333333333333,1.0,0,0,1.0,0.2,0,0,0,0,0,0,0,0,0,0,0,0,0
Anodized,2.0,0.666666666667,0,0.333333333333,0.25,1.0,0.5,5.0,2.5,2.5,2.5,2.5,1.5,1.5,1.0,1.0,0,0,2.0,1.33333333333,1.66666666667,2.5,0.5,0.125,0,1.0,1.0,0,0,0,0,0,0,0,0.142857142857,0.5,0.5,0.333333333333
Yuzo Titanium White,0,0,0,0,0,0,0,0,0,0,0,0,0,0,0,0,0,0,0,0,0,0,0,0,0,0,0,0,0,0,0,0,0,0,0,0,0,0
Yuzo Pink,0,0,0,0,0,0,0,0,0,0,0,0,0,0,0,0,0,0,0,0,0,0,0,0,0,0,0,0,0,0,0,0,0,0,0,0,0,0
Yuzo Black,0,0,0,0,0,0,0,0,0,0,0,0,0,0,0,0,0,0,0,0,0,0,0,0,0,0,0,0,0,0,0,0,0,0,0,0,0,0
Yuzo Cobalt,0,0,0,0,0,0,0,0,0,0,0,0,0,0,0,0,0,0,0,0,0,0,0,0,0,0,0,0,0,0,0,0,0,0,0,0,0,0
Yuzo Purple,0,0,0,0,0,0,0,0,0,0,0,0,0,0,0,0,0,0,0,0,0,0,0,0,0,0,0,0,0,0,0,0,0,0,0,0,0,0
Yuzo Crimson,0,0,0,0,0,0,0,0,0,0,0,0,0,0,0,0,0,0,0,0,0,0,0,0,0,0,0,0,0,0,0,0,0,0,0,0,0,0
Yuzo Forest Green,0,0,0,0,0,0,0,0,0,0,0,0,0,0,0,0,0,0,0,0,0,0,0,0,0,0,0,0,0,0,0,0,0,0,0,0,0,0
Blast Ray Purple,0,0,0,0,0,0,0,0,0,0,0,0,0,0,0,0,0,0,0,0,0,0,0,0,0,0,0,0,0,0,0,0,0,0,0,0,0,0
Dot Rush,0,0.5,2.0,0,0,0,0,0.25,0.5,0.4,0.5,0.6,0.333333333333,0.666666666667,1.0,2.0,1.0,0.5,0,0,0,0,0,0,1.0,2.0,1.0,1.0,0.5,0.333333333333,0,0,0,0,0.111111111111,0.166666666667,1.0,0
Tachyon Titanium White,0,0,0,0,0,0,0,0,0,0,0,0,0,0,0,0,0,0,0,0,0,0,0,0,0,0,0,0,0,0,0,0,0,0,0,0,0,0
FSL Black,0,0,0,0,0,0,0,0,0,0,0,0,0,0,0,0,0,0,0,0,0,0,0,0,0,0,0,0,0,0,0,0,0,0,0,0,0,0
Plasma Cobalt,0,0,0,0,0,0,0,0,0,0,0,0,0,0,0,0,0,0,0,0,0,0,0,0,0,0,0,0,0,0,0,0,0,0,0,0,0,0
Dissolver,4.66666666667,2.14285714286,1.75,1.5,0.857142857143,2.0,3.0,3.25,3.66666666667,3.0,3.33333333333,4.33333333333,5.0,3.66666666667,3.33333333333,4.0,3.66666666667,1.5,1.125,1.2,1.66666666667,1.77777777778,2.8,3.0,4.5,1.33333333333,1.85714285714,2.625,2.42857142857,3.25,6.33333333333,5.5,3.75,2.75,5.0,2.75,3.25,10.0
Tachyon Forest Green,0,0,0,0,0,0,0,0,0,0,0,0,0,0,0,0,0,0,0,0,0,0,0,0,0,0,0,0,0,0,0,0,0,0,0,0,0,0
Revenant Forest Green,0,0,0,0,0,0,0,0,0,0,0,0,0,0,0,0,0,0,0,0,0,0,0,0,0,0,0,0,0,0,0,0,0,0,0,0,0,0
Revenant Sky Blue,0,0,0,0,0,0,0,0,0,0,0,0,0,0,0,0,0,0,0,0,0,0,0,0,0,0,0,0,0,0,0,0,0,0,0,0,0,0
Revenant Burnt Sienna,0,0,0,0,0,0,0,0,0,0,0,0,0,0,0,0,0,0,0,0,0,0,0,0,0,0,0,0,0,0,0,0,0,0,0,0,0,0
Revenant Saffron,0,0,0,0,0,0,0,0,0,0,0,0,0,0,0,0,0,0,0,0,0,0,0,0,0,0,0,0,0,0,0,0,0,0,0,0,0,0
Saptarishi Black,0,0,0,0,0,0,0,0,0,0,0,0,0,0,0,0,0,0,0,0,0,0,0,0,0,0,0,0,0,0,0,0,0,0,0,0,0,0
Zomba Sky Blue,0,0,0,0,0,0,0,0,0,0,0,0,0,0,0,0,0,0,0,0,0,0,0,0,0,0,0,0,0,0,0,0,0,0,0,0,0,0
Octopus Crimson,0,0,0,0,0,0,0,0,0,0,0,0,0,0,0,0,0,0,0,0,0,0,0,0,0,0,0,0,0,0,0,0,0,0,0,0,0,0
Thermal Lime,0,0,0,0,0,0,0,0,0,0,0,0,0,0,0,0,0,0,0,0,0,0,0,0,0,0,0,0,0,0,0,0,0,0,0,0,0,0
Tunica Sky Blue,0,0,0,0,0,0,0,0,0,0,0,0,0,0,0,0,0,0,0,0,0,0,0,0,0,0,0,0,0,0,0,0,0,0,0,0,0,0
X-Devil Lime,0,0,0,0,0,0,0,0,0,0,0,0,0,0,0,0,0,0,0,0,0,0,0,0,0,0,0,0,0,0,0,0,0,0,0,0,0,0
Sacred Orange,0,0,0,0,0,0,0,0,0,0,0,0,0,0,0,0,0,0,0,0,0,0,0,0,0,0,0,0,0,0,0,0,0,0,0,0,0,0
Sacred Saffron,0,0,0,0,0,0,0,0,0,0,0,0,0,0,0,0,0,0,0,0,0,0,0,0,0,0,0,0,0,0,0,0,0,0,0,0,0,0
Sparkles Grey,0,0,0,0,0,0,0,0,0,0,0,0,0,0,0,0,0,0,0,0,0,0,0,0,0,0,0,0,0,0,0,0,0,0,0,0,0,0
Merc Forest Green,0,0,0,0,0,0,0,0,0,0,0,0,0,0,0,0,0,0,0,0,0,0,0,0,0,0,0,0,0,0,0,0,0,0,0,0,0,0
Ion Lime,0,0,0,0,0,0,0,0,0,0,0,0,0,0,0,0,0,0,0,0,0,0,0,0,0,0,0,0,0,0,0,0,0,0,0,0,0,0
Standard Titanium White,0,0,0,0,0,0,0,0,0,0,0,0,0,0,0,0,0,0,0,0,0,0,0,0,0,0,0,0,0,0,0,0,0,0,0,0,0,0
Tsunami Beam Black,0,0,0,0,0,0,0,0,0,0,0,0,0,0,0,0,0,0,0,0,0,0,0,0,0,0,0,0,0,0,0,0,0,0,0,0,0,0
Lift-Off,1.0,1.0,0,0,0,0,0,0,0,0,0,0,3.0,3.0,3.0,1.0,1.0,1.0,1.0,1.0,0,0,0,0,0,0,2.0,2.0,0,0,0,0,0,2.0,0,2.0,0.666666666667,1.0
Mantis Titanium White,0,0,0,0,0,0,0,0,0,0,0,0,0,0,0,0,0,0,0,0,0,0,0,0,0,0,0,0,0,0,0,0,0,0,0,0,0,0
Doughnut Pink,0,0,0,0,0,0,0,0,0,0,0,0,0,0,0,0,0,0,0,0,0,0,0,0,0,0,0,0,0,0,0,0,0,0,0,0,0,0
Fractal Fire Cobalt,0,0,0,0,0,0,0,0,0,0,0,0,0,0,0,0,0,0,0,0,0,0,0,0,0,0,0,0,0,0,0,0,0,0,0,0,0,0
Endo Lime,0,0,0,0,0,0,0,0,0,0,0,0,0,0,0,0,0,0,0,0,0,0,0,0,0,0,0,0,0,0,0,0,0,0,0,0,0,0
X-Devil Saffron,0,0,0,0,0,0,0,0,0,0,0,0,0,0,0,0,0,0,0,0,0,0,0,0,0,0,0,0,0,0,0,0,0,0,0,0,0,0
Photon,0,0,0,0,0,0,0,0,0,0,0,0,0,0,0,0,0,0,0,0,0,0,0,0,2.0,0.5,1.0,0,1.0,2.0,0,0,0,0,0,2.0,0,0
Cauldron,0,0,0,0,0,0,0,0,0,0,0,0,0,0,0,0,0,0,0,0,0,0,0,1.0,1.0,0.333333333333,0.666666666667,0.25,0,0,0,1.0,1.0,0,0,0,0,0
Hiro,1.0,1.0,0,0,0,0,0,0,0,0,0,0,0,0,0,0,0,0,0,0.5,1.0,1.0,1.0,0,0,3.0,2.25,1.25,1.25,0,0,0,0.25,0,0,0,0,0
Septem Crimson,0,0,0,0,0,0,0,0,0,0,0,0,0,0,0,0,0,0,0,0,0,0,0,0,0,0,0,0,0,0,0,0,0,0,0,0,0,0
Offer Crimson,0,0,0,0,0,0,0,0,0,0,0,0,0,0,0,0,0,0,0,0,0,0,0,0,0,0,0,0,0,0,0,0,0,0,0,0,0,0
Critters,1.0,1.0,0,0,0,0,0,0,0,0,0,0,0,0,0,0,0,0,0,0,0,0,0,0,0,0,0,0,0,0,0,0,0,0,0,0,0,0
Cold Front Lime,0,0,0,0,0,0,0,0,0,0,0,0,0,0,0,0,0,0,0,0,0,0,0,0,0,0,0,0,0,0,0,0,0,0,0,0,0,0
Funnybook,0,0,0,0,0,0,0,0,0,0,0,0,0,0,0,0,0,0,0,0,0,0,0,0,0,0,0,0,0,0,0,0,0,0,0,0,0,0
Homburg,0,0,0,0,0,0,0,0,0,0,0,0,0,0,0,0,0,0,0,0,0,0,0,0,0,0,0,0,0,0,0,0,0,0,0,0,0,0
Candy Cane,1.0,0.5,0,0,0,0,0,0,0,0,0,0,0,0,0,0,0,0,0,0,0,0,0,0,0,0,0,0,0,0,1.0,0,0,0,0,0,0,0
Cold Front,1.0,0,0,0,0,0,0,0,0,0,0,0,0,0,0,0,0,0,0,0,0,0,0,0,0,0,0,0,0,0,0,0,0,0,0,0,0,0
Jack-In-The-Box Purple,0,0,0,0,0,0,0,0,0,0,0,0,0,0,0,0,0,0,0,0,0,0,0,0,0,0,0,0,0,0,0,0,0,0,0,0,0,0
Funny Book Saffron,0,0,0,0,0,0,0,0,0,0,0,0,0,0,0,0,0,0,0,0,0,0,0,0,0,0,0,0,0,0,0,0,0,0,0,0,0,0
Hikari P5 Pink,0,0,0,0,0,0,0,0,0,0,0,0,0,0,0,0,0,0,0,0,0,0,0,0,0,0,0,0,0,0,0,0,0,0,0,0,0,0
Plasma Crimson,0,0,0,0,0,0,0,0,0,0,0,0,0,0,0,0,0,0,0,0,0,0,0,0,0,0,0,0,0,0,0,0,0,0,0,0,0,0
Ion Grey,0,0,0,0,0,0,0,0,0,0,0,0,0,0,0,0,0,0,0,0,0,0,0,0,0,0,0,0,0,0,0,0,0,0,0,0,0,0
Almas Burnt Sienna,0,0,0,0,0,0,0,0,0,0,0,0,0,0,0,0,0,0,0,0,0,0,0,0,0,0,0,0,0,0,0,0,0,0,0,0,0,0
Helios Lime,0,0,0,0,0,0,0,0,0,0,0,0,0,0,0,0,0,0,0,0,0,0,0,0,0,0,0,0,0,0,0,0,0,0,0,0,0,0
Neo-Thermal Orange,0,0,0,0,0,0,0,0,0,0,0,0,0,0,0,0,0,0,0,0,0,0,0,0,0,0,0,0,0,0,0,0,0,0,0,0,0,0
Trahere Forest Green,0,0,0,0,0,0,0,0,0,0,0,0,0,0,0,0,0,0,0,0,0,0,0,0,0,0,0,0,0,0,0,0,0,0,0,0,0,0
Starbase ARC,1.0,1.0,0,0,0,0,0,0,0,0,0,0,0,0,0,0,0,0,0,0,0,0,0,0,0,0.5,0,2.0,2.0,2.0,0,0,0,2.0,0,0,1.0,0
Ball King,0,1.0,0,0,0,0,0,0,0,0,0,0,0,0,0,0,0,0,0,0,0,0,0,0,0,0,0,0,0,0,0,0,0,0,0,0,0,0
FSL Burnt Sienna,0,0,0,0,0,0,0,0,0,0,0,0,0,0,0,0,0,0,0,0,0,0,0,0,0,0,0,0,0,0,0,0,0,0,0,0,0,0
Septem Purple,0,0,0,0,0,0,0,0,0,0,0,0,0,0,0,0,0,0,0,0,0,0,0,0,0,0,0,0,0,0,0,0,0,0,0,0,0,0
Saptarishi Grey,0,0,0,0,0,0,0,0,0,0,0,0,0,0,0,0,0,0,0,0,0,0,0,0,0,0,0,0,0,0,0,0,0,0,0,0,0,0
Hiro Titanium White,0,0,0,0,0,0,0,0,0,0,0,0,0,0,0,0,0,0,0,0,0,0,0,0,0,0,0,0,0,0,0,0,0,0,0,0,0,0
Triplex Pink,0,0,0,0,0,0,0,0,0,0,0,0,0,0,0,0,0,0,0,0,0,0,0,0,0,0,0,0,0,0,0,0,0,0,0,0,0,0
Cauldron Titanium White,0,0,0,0,0,0,0,0,0,0,0,0,0,0,0,0,0,0,0,0,0,0,0,0,0,0,0,0,0,0,0,0,0,0,0,0,0,0
Septem Cobalt,0,0,0,0,0,0,0,0,0,0,0,0,0,0,0,0,0,0,0,0,0,0,0,0,0,0,0,0,0,0,0,0,0,0,0,0,0,0
Cauldron Black,0,0,0,0,0,0,0,0,0,0,0,0,0,0,0,0,0,0,0,0,0,0,0,0,0,0,0,0,0,0,0,0,0,0,0,0,0,0
Breakout Grey,0,0,0,0,0,0,0,0,0,0,0,0,0,0,0,0,0,0,0,0,0,0,0,0,0,0,0,0,0,0,0,0,0,0,0,0,0,0
Fantasmo Cobalt,0,0,0,0,0,0,0,0,0,0,0,0,0,0,0,0,0,0,0,0,0,0,0,0,0,0,0,0,0,0,0,0,0,0,0,0,0,0
Fantasmo Titanium White,0,0,0,0,0,0,0,0,0,0,0,0,0,0,0,0,0,0,0,0,0,0,0,0,0,0,0,0,0,0,0,0,0,0,0,0,0,0
Hikari P5 Sky Blue,0,0,0,0,0,0,0,0,0,0,0,0,0,0,0,0,0,0,0,0,0,0,0,0,0,0,0,0,0,0,0,0,0,0,0,0,0,0
Tsunami Beam Crimson,0,0,0,0,0,0,0,0,0,0,0,0,0,0,0,0,0,0,0,0,0,0,0,0,0,0,0,0,0,0,0,0,0,0,0,0,0,0
Nipper Burnt Sienna,0,0,0,0,0,0,0,0,0,0,0,0,0,0,0,0,0,0,0,0,0,0,0,0,0,0,0,0,0,0,0,0,0,0,0,0,0,0
Vortex Titanium White,0,0,0,0,0,0,0,0,0,0,0,0,0,0,0,0,0,0,0,0,0,0,0,0,0,0,0,0,0,0,0,0,0,0,0,0,0,0
Catfish Titanium White,0,0,0,0,0,0,0,0,0,0,0,0,0,0,0,0,0,0,0,0,0,0,0,0,0,0,0,0,0,0,0,0,0,0,0,0,0,0
Toon Sketch Black,0,0,0,0,0,0,0,0,0,0,0,0,0,0,0,0,0,0,0,0,0,0,0,0,0,0,0,0,0,0,0,0,0,0,0,0,0,0
Lustrum X10 Black,0,0,0,0,0,0,0,0,0,0,0,0,0,0,0,0,0,0,0,0,0,0,0,0,0,0,0,0,0,0,0,0,0,0,0,0,0,0
Aether Cobalt,0,0,0,0,0,0,0,0,0,0,0,0,0,0,0,0,0,0,0,0,0,0,0,0,0,0,0,0,0,0,0,0,0,0,0,0,0,0
X-Devil Titanium White,0,0,0,0,0,0,0,0,0,0,0,0,0,0,0,0,0,0,0,0,0,0,0,0,0,0,0,0,0,0,0,0,0,0,0,0,0,0
Balla-Carrà Burnt Sienna,0,0,0,0,0,0,0,0,0,0,0,0,0,0,0,0,0,0,0,0,0,0,0,0,0,0,0,0,0,0,0,0,0,0,0,0,0,0
Halo Grey,0,0,0,0,0,0,0,0,0,0,0,0,0,0,0,0,0,0,0,0,0,0,0,0,0,0,0,0,0,0,0,0,0,0,0,0,0,0
Stegosaur Titanium White,0,0,0,0,0,0,0,0,0,0,0,0,0,0,0,0,0,0,0,0,0,0,0,0,0,0,0,0,0,0,0,0,0,0,0,0,0,0
Stegosaur Crimson,0,0,0,0,0,0,0,0,0,0,0,0,0,0,0,0,0,0,0,0,0,0,0,0,0,0,0,0,0,0,0,0,0,0,0,0,0,0
Stegosaur Sky Blue,0,0,0,0,0,0,0,0,0,0,0,0,0,0,0,0,0,0,0,0,0,0,0,0,0,0,0,0,0,0,0,0,0,0,0,0,0,0
RLCS Titanium White,0,0,0,0,0,0,0,0,0,0,0,0,0,0,0,0,0,0,0,0,0,0,0,0,0,0,0,0,0,0,0,0,0,0,0,0,0,0
RLCS Grey,0,0,0,0,0,0,0,0,0,0,0,0,0,0,0,0,0,0,0,0,0,0,0,0,0,0,0,0,0,0,0,0,0,0,0,0,0,0
Centio V17 Titanium White,0,0,0,0,0,0,0,0,0,0,0,0,0,0,0,0,0,0,0,0,0,0,0,0,0,0,0,0,0,0,0,0,0,0,0,0,0,0
Rockat,1.0,0,0,0,0,0,0,0,0,0,0,0,0,0,0,0,0,0,0,0,0,0,0,0,0,0,0,0,0,0,0,0,0,0,0.5,0,0,0
Fantasmo Forest Green,0,0,0,0,0,0,0,0,0,0,0,0,0,0,0,0,0,0,0,0,0,0,0,0,0,0,0,0,0,0,0,0,0,0,0,0,0,0
Royal Crown Titanium White,0,0,0,0,0,0,0,0,0,0,0,0,0,0,0,0,0,0,0,0,0,0,0,0,0,0,0,0,0,0,0,0,0,0,0,0,0,0
Chakram Black,0,0,0,0,0,0,0,0,0,0,0,0,0,0,0,0,0,0,0,0,0,0,0,0,0,0,0,0,0,0,0,0,0,0,0,0,0,0
Blast Ray Titanium White,0,0,0,0,0,0,0,0,0,0,0,0,0,0,0,0,0,0,0,0,0,0,0,0,0,0,0,0,0,0,0,0,0,0,0,0,0,0
Nipper Titanium White,0,0,0,0,0,0,0,0,0,0,0,0,0,0,0,0,0,0,0,0,0,0,0,0,0,0,0,0,0,0,0,0,0,0,0,0,0,0
Lightning Crimson,0,0,0,0,0,0,0,0,0,0,0,0,0,0,0,0,0,0,0,0,0,0,0,0,0,0,0,0,0,0,0,0,0,0,0,0,0,0
Pulsus Titanium White,0,0,0,0,0,0,0,0,0,0,0,0,0,0,0,0,0,0,0,0,0,0,0,0,0,0,0,0,0,0,0,0,0,0,0,0,0,0
Nipper Orange,0,0,0,0,0,0,0,0,0,0,0,0,0,0,0,0,0,0,0,0,0,0,0,0,0,0,0,0,0,0,0,0,0,0,0,0,0,0
Fireplug Saffron,0,0,0,0,0,0,0,0,0,0,0,0,0,0,0,0,0,0,0,0,0,0,0,0,0,0,0,0,0,0,0,0,0,0,0,0,0,0
Grimalkin Orange,0,0,0,0,0,0,0,0,0,0,0,0,0,0,0,0,0,0,0,0,0,0,0,0,0,0,0,0,0,0,0,0,0,0,0,0,0,0
Looper Titanium White,0,0,0,0,0,0,0,0,0,0,0,0,0,0,0,0,0,0,0,0,0,0,0,0,0,0,0,0,0,0,0,0,0,0,0,0,0,0
Looper Saffron,0,0,0,0,0,0,0,0,0,0,0,0,0,0,0,0,0,0,0,0,0,0,0,0,0,0,0,0,0,0,0,0,0,0,0,0,0,0
Looper Lime,0,0,0,0,0,0,0,0,0,0,0,0,0,0,0,0,0,0,0,0,0,0,0,0,0,0,0,0,0,0,0,0,0,0,0,0,0,0
Looper Forest Green,0,0,0,0,0,0,0,0,0,0,0,0,0,0,0,0,0,0,0,0,0,0,0,0,0,0,0,0,0,0,0,0,0,0,0,0,0,0
Looper Burnt Sienna,0,0,0,0,0,0,0,0,0,0,0,0,0,0,0,0,0,0,0,0,0,0,0,0,0,0,0,0,0,0,0,0,0,0,0,0,0,0
Animus GP Grey,0,0,0,0,0,0,0,0,0,0,0,0,0,0,0,0,0,0,0,0,0,0,0,0,0,0,0,0,0,0,0,0,0,0,0,0,0,0
Animus GP Cobalt,0,0,0,0,0,0,0,0,0,0,0,0,0,0,0,0,0,0,0,0,0,0,0,0,0,0,0,0,0,0,0,0,0,0,0,0,0,0
Animus GP Purple,0,0,0,0,0,0,0,0,0,0,0,0,0,0,0,0,0,0,0,0,0,0,0,0,0,0,0,0,0,0,0,0,0,0,0,0,0,0
Animus GP Orange,0,0,0,0,0,0,0,0,0,0,0,0,0,0,0,0,0,0,0,0,0,0,0,0,0,0,0,0,0,0,0,0,0,0,0,0,0,0
Animus GP Lime,0,0,0,0,0,0,0,0,0,0,0,0,0,0,0,0,0,0,0,0,0,0,0,0,0,0,0,0,0,0,0,0,0,0,0,0,0,0
Animus GP Saffron,0,0,0,0,0,0,0,0,0,0,0,0,0,0,0,0,0,0,0,0,0,0,0,0,0,0,0,0,0,0,0,0,0,0,0,0,0,0
Centio V17 Crimson,0,0,0,0,0,0,0,0,0,0,0,0,0,0,0,0,0,0,0,0,0,0,0,0,0,0,0,0,0,0,0,0,0,0,0,0,0,0
Centio V17 Cobalt,0,0,0,0,0,0,0,0,0,0,0,0,0,0,0,0,0,0,0,0,0,0,0,0,0,0,0,0,0,0,0,0,0,0,0,0,0,0
Centio V17 Purple,0,0,0,0,0,0,0,0,0,0,0,0,0,0,0,0,0,0,0,0,0,0,0,0,0,0,0,0,0,0,0,0,0,0,0,0,0,0
Centio V17 Burnt Sienna,0,0,0,0,0,0,0,0,0,0,0,0,0,0,0,0,0,0,0,0,0,0,0,0,0,0,0,0,0,0,0,0,0,0,0,0,0,0
Vampire Bat,0,0,0,0,0,0,0,2.0,2.0,2.0,2.0,2.0,0,0,0,0,0,0.333333333333,0.25,0.25,0.5,0.5,1.0,0,0,0,0,0.333333333333,0.5,1.0,1.0,0,0,0,0,0,0,0
Jäger 619 RS Orange,0,0,0,0,0,0,0,0,0,0,0,0,0,0,0,0,0,0,0,0,0,0,0,0,0,0,0,0,0,0,0,0,0,0,0,0,0,0
Centio V17 Sky Blue,0,0,0,0,0,0,0,0,0,0,0,0,0,0,0,0,0,0,0,0,0,0,0,0,0,0,0,0,0,0,0,0,0,0,0,0,0,0
Wildcat Ears Crimson,0,0,0,0,0,0,0,0,0,0,0,0,0,0,0,0,0,0,0,0,0,0,0,0,0,0,0,0,0,0,0,0,0,0,0,0,0,0
Cromulon Orange,0,0,0,0,0,0,0,0,0,0,0,0,0,0,0,0,0,0,0,0,0,0,0,0,0,0,0,0,0,0,0,0,0,0,0,0,0,0
Cromulon Saffron,0,0,0,0,0,0,0,0,0,0,0,0,0,0,0,0,0,0,0,0,0,0,0,0,0,0,0,0,0,0,0,0,0,0,0,0,0,0
Unicorn Burnt Sienna,0,0,0,0,0,0,0,0,0,0,0,0,0,0,0,0,0,0,0,0,0,0,0,0,0,0,0,0,0,0,0,0,0,0,0,0,0,0
Unicorn Sky Blue,0,0,0,0,0,0,0,0,0,0,0,0,0,0,0,0,0,0,0,0,0,0,0,0,0,0,0,0,0,0,0,0,0,0,0,0,0,0
Unicorn Crimson,0,0,0,0,0,0,0,0,0,0,0,0,0,0,0,0,0,0,0,0,0,0,0,0,0,0,0,0,0,0,0,0,0,0,0,0,0,0
Unicorn Saffron,0,0,0,0,0,0,0,0,0,0,0,0,0,0,0,0,0,0,0,0,0,0,0,0,0,0,0,0,0,0,0,0,0,0,0,0,0,0
Draco Lime,0,0,0,0,0,0,0,0,0,0,0,0,0,0,0,0,0,0,0,0,0,0,0,0,0,0,0,0,0,0,0,0,0,0,0,0,0,0
Discotheque Crimson,0,0,0,0,0,0,0,0,0,0,0,0,0,0,0,0,0,0,0,0,0,0,0,0,0,0,0,0,0,0,0,0,0,0,0,0,0,0
Chrono Orange,0,0,0,0,0,0,0,0,0,0,0,0,0,0,0,0,0,0,0,0,0,0,0,0,0,0,0,0,0,0,0,0,0,0,0,0,0,0
Clockwork Purple,0,0,0,0,0,0,0,0,0,0,0,0,0,0,0,0,0,0,0,0,0,0,0,0,0,0,0,0,0,0,0,0,0,0,0,0,0,0
FGSP Forest Green,0,0,0,0,0,0,0,0,0,0,0,0,0,0,0,0,0,0,0,0,0,0,0,0,0,0,0,0,0,0,0,0,0,0,0,0,0,0
FGSP Cobalt,0,0,0,0,0,0,0,0,0,0,0,0,0,0,0,0,0,0,0,0,0,0,0,0,0,0,0,0,0,0,0,0,0,0,0,0,0,0
FGSP Lime,0,0,0,0,0,0,0,0,0,0,0,0,0,0,0,0,0,0,0,0,0,0,0,0,0,0,0,0,0,0,0,0,0,0,0,0,0,0
FGSP Pink,0,0,0,0,0,0,0,0,0,0,0,0,0,0,0,0,0,0,0,0,0,0,0,0,0,0,0,0,0,0,0,0,0,0,0,0,0,0
Magic Missile Lime,0,0,0,0,0,0,0,0,0,0,0,0,0,0,0,0,0,0,0,0,0,0,0,0,0,0,0,0,0,0,0,0,0,0,0,0,0,0
Neo-Thermal Grey,0,0,0,0,0,0,0,0,0,0,0,0,0,0,0,0,0,0,0,0,0,0,0,0,0,0,0,0,0,0,0,0,0,0,0,0,0,0
Neo-Thermal Saffron,0,0,0,0,0,0,0,0,0,0,0,0,0,0,0,0,0,0,0,0,0,0,0,0,0,0,0,0,0,0,0,0,0,0,0,0,0,0
Neo-Thermal Crimson,0,0,0,0,0,0,0,0,0,0,0,0,0,0,0,0,0,0,0,0,0,0,0,0,0,0,0,0,0,0,0,0,0,0,0,0,0,0
Neo-Thermal Burnt Sienna,0,0,0,0,0,0,0,0,0,0,0,0,0,0,0,0,0,0,0,0,0,0,0,0,0,0,0,0,0,0,0,0,0,0,0,0,0,0
Neo-Thermal Forest Green,0,0,0,0,0,0,0,0,0,0,0,0,0,0,0,0,0,0,0,0,0,0,0,0,0,0,0,0,0,0,0,0,0,0,0,0,0,0
Neo-Thermal Cobalt,0,0,0,0,0,0,0,0,0,0,0,0,0,0,0,0,0,0,0,0,0,0,0,0,0,0,0,0,0,0,0,0,0,0,0,0,0,0
Roulette Titanium White,0,0,0,0,0,0,0,0,0,0,0,0,0,0,0,0,0,0,0,0,0,0,0,0,0,0,0,0,0,0,0,0,0,0,0,0,0,0
Hexphase Forest Green,0,0,0,0,0,0,0,0,0,0,0,0,0,0,0,0,0,0,0,0,0,0,0,0,0,0,0,0,0,0,0,0,0,0,0,0,0,0
Plasma Saffron,0,0,0,0,0,0,0,0,0,0,0,0,0,0,0,0,0,0,0,0,0,0,0,0,0,0,0,0,0,0,0,0,0,0,0,0,0,0
Ion Orange,0,0,0,0,0,0,0,0,0,0,0,0,0,0,0,0,0,0,0,0,0,0,0,0,0,0,0,0,0,0,0,0,0,0,0,0,0,0
Centio V17 Pink,0,0,0,0,0,0,0,0,0,0,0,0,0,0,0,0,0,0,0,0,0,0,0,0,0,0,0,0,0,0,0,0,0,0,0,0,0,0
Mantis Saffron,0,0,0,0,0,0,0,0,0,0,0,0,0,0,0,0,0,0,0,0,0,0,0,0,0,0,0,0,0,0,0,0,0,0,0,0,0,0
Imperator DT5 Grey,0,0,0,0,0,0,0,0,0,0,0,0,0,0,0,0,0,0,0,0,0,0,0,0,0,0,0,0,0,0,0,0,0,0,0,0,0,0
Imperator DT5 Purple,0,0,0,0,0,0,0,0,0,0,0,0,0,0,0,0,0,0,0,0,0,0,0,0,0,0,0,0,0,0,0,0,0,0,0,0,0,0
Imperator DT5 Crimson,0,0,0,0,0,0,0,0,0,0,0,0,0,0,0,0,0,0,0,0,0,0,0,0,0,0,0,0,0,0,0,0,0,0,0,0,0,0
Centio V17 Forest Green,0,0,0,0,0,0,0,0,0,0,0,0,0,0,0,0,0,0,0,0,0,0,0,0,0,0,0,0,0,0,0,0,0,0,0,0,0,0
Centio V17 Black,0,0,0,0,0,0,0,0,0,0,0,0,0,0,0,0,0,0,0,0,0,0,0,0,0,0,0,0,0,0,0,0,0,0,0,0,0,0
Centio V17 Saffron,0,0,0,0,0,0,0,0,0,0,0,0,0,0,0,0,0,0,0,0,0,0,0,0,0,0,0,0,0,0,0,0,0,0,0,0,0,0
Dune Racer Black,0,0,0,0,0,0,0,0,0,0,0,0,0,0,0,0,0,0,0,0,0,0,0,0,0,0,0,0,0,0,0,0,0,0,0,0,0,0
Equalizer Titanium White,0,0,0,0,0,0,0,0,0,0,0,0,0,0,0,0,0,0,0,0,0,0,0,0,0,0,0,0,0,0,0,0,0,0,0,0,0,0
Breakout Sky Blue,0,0,0,0,0,0,0,0,0,0,0,0,0,0,0,0,0,0,0,0,0,0,0,0,0,0,0,0,0,0,0,0,0,0,0,0,0,0
Septem Pink,0,0,0,0,0,0,0,0,0,0,0,0,0,0,0,0,0,0,0,0,0,0,0,0,0,0,0,0,0,0,0,0,0,0,0,0,0,0
Septem Saffron,0,0,0,0,0,0,0,0,0,0,0,0,0,0,0,0,0,0,0,0,0,0,0,0,0,0,0,0,0,0,0,0,0,0,0,0,0,0
Samurai Titanium White,0,0,0,0,0,0,0,0,0,0,0,0,0,0,0,0,0,0,0,0,0,0,0,0,0,0,0,0,0,0,0,0,0,0,0,0,0,0
Toon Sketch Forest Green,0,0,0,0,0,0,0,0,0,0,0,0,0,0,0,0,0,0,0,0,0,0,0,0,0,0,0,0,0,0,0,0,0,0,0,0,0,0
Revenant Titanium White,0,0,0,0,0,0,0,0,0,0,0,0,0,0,0,0,0,0,0,0,0,0,0,0,0,0,0,0,0,0,0,0,0,0,0,0,0,0
Zombie,1.0,1.0,0,0,0,0,0,0,1.0,1.0,1.0,2.0,1.0,0.5,0.5,1.0,1.0,0,0,0,0,0,0,0,0,0,0,0,0,0,0,0,0,0,0,0,0,0
Comet Titanium White,0,0,0,0,0,0,0,0,0,0,0,0,0,0,0,0,0,0,0,0,0,0,0,0,0,0,0,0,0,0,0,0,0,0,0,0,0,0
Plasma,0,0,0,0,0,0,0,0,0,0,0,0,0,0,0,0,0,0,0,0,0,0,0,0,0,0,0,0,0,0,0,0,0,0,0,0,0,0
Chef's Hat Forest Green,0,0,0,0,0,0,0,0,0,0,0,0,0,0,0,0,0,0,0,0,0,0,0,0,0,0,0,0,0,0,0,0,0,0,0,0,0,0
Fire Helmet Purple,0,0,0,0,0,0,0,0,0,0,0,0,0,0,0,0,0,0,0,0,0,0,0,0,0,0,0,0,0,0,0,0,0,0,0,0,0,0
Devil Horns Grey,0,0,0,0,0,0,0,0,0,0,0,0,0,0,0,0,0,0,0,0,0,0,0,0,0,0,0,0,0,0,0,0,0,0,0,0,0,0
Top Hat Forest Green,0,0,0,0,0,0,0,0,0,0,0,0,0,0,0,0,0,0,0,0,0,0,0,0,0,0,0,0,0,0,0,0,0,0,0,0,0,0
Wizard Hat Lime,0,0,0,0,0,0,0,0,0,0,0,0,0,0,0,0,0,0,0,0,0,0,0,0,0,0,0,0,0,0,0,0,0,0,0,0,0,0
Mount Champion,0,0,0,0,0,0,0,0,0,0,0,0,0,0,0,0,0,0,0,0,0,0,0,0,0,0,0,0,0,0,0,0,0,0,0,0,0,0
WWE Monday Night RAW,0,0,0,0,0,0,0,0,0,0,1.0,1.0,0.333333333333,0.2,0.25,0.25,0,0,0,0,0,0,0,0.333333333333,0.2,0.333333333333,0,0,0,0,0,0,0,0,0,0,0,0
Octane Orange,0,0,0,0,0,0,0,0,0,0,0,0,0,0,0,0,0,0,0,0,0,0,0,0,0,0,0,0,0,0,0,0,0,0,0,0,0,0
Apex Pink,0,0,0,0,0,0,0,0,0,0,0,0,0,0,0,0,0,0,0,0,0,0,0,0,0,0,0,0,0,0,0,0,0,0,0,0,0,0
Apex Grey,0,0,0,0,0,0,0,0,0,0,0,0,0,0,0,0,0,0,0,0,0,0,0,0,0,0,0,0,0,0,0,0,0,0,0,0,0,0
Merc Purple,0,0,0,0,0,0,0,0,0,0,0,0,0,0,0,0,0,0,0,0,0,0,0,0,0,0,0,0,0,0,0,0,0,0,0,0,0,0
Infinium Cobalt,0,0,0,0,0,0,0,0,0,0,0,0,0,0,0,0,0,0,0,0,0,0,0,0,0,0,0,0,0,0,0,0,0,0,0,0,0,0
Infinium Sky Blue,0,0,0,0,0,0,0,0,0,0,0,0,0,0,0,0,0,0,0,0,0,0,0,0,0,0,0,0,0,0,0,0,0,0,0,0,0,0
Hearts,0,5.0,4.0,0.5,1.0,4.0,0,0,0,0,0,0,0,0,0,2.0,3.0,2.0,2.0,2.0,0,0,0,0.666666666667,1.33333333333,5.0,2.0,2.0,2.0,0,0.25,0.2,0.5,2.5,1.0,1.0,0,0
Frostbite,0,0,2.0,0.5,1.0,4.0,5.0,0,0,3.0,1.0,1.0,1.5,1.5,1.5,1.5,2.0,3.0,0,0,0,0,0,0,0,0,0,0,0,0,2.0,0.666666666667,0.666666666667,4.0,0.333333333333,2.0,0,5.0
Lightning Yellow,0,0,0,0,0,0,0,4.0,4.0,5.0,4.0,1.5,1.5,1.5,1.5,0,1.0,2.0,2.0,2.0,1.0,0,0,0,0,0,4.0,0,4.0,4.0,0,1.0,2.0,1.25,0.333333333333,0.666666666667,3.0,5.0
Magmus,0,2.0,0,0,0,2.0,3.0,0,0,0,0,0,0,0,0,0,0,0,0,0,0,0,0,0,0,2.0,0.5,0,5.0,5.0,0,0,1.0,0,0,1.0,0,0
Ink,0,6.0,0,0,2.0,4.0,0.190476190476,0.15,0.15,4.0,0.142857142857,0.142857142857,0.142857142857,0.142857142857,0.142857142857,0,0,0,0,0,0,0,0,1.0,2.0,4.0,1.0,0,5.0,5.0,0,1.0,0,0,1.0,3.0,0,0
Spatter,0,0,0,0,0,0,0,0,0,0,0,0,0,0,0,0,0,0,0,0,0,0,0,0,0,0,0,0,0,0,0,0,0,0,0,0,0,0
Falco,0,0,0,0,0,0,0,0,0,0,0,0,0,0,0,0,0,0,0,0,0,0,0,0,0,0,0,0,0,0,0,0,0,0,0,0,0,0
Spyder,0,0,0,0,0,0,0,0,0,0,0,0,0,0,0,0,0,0,0,0,0,0,0,0,0,0,0,0,0,0,0,0,0,0,0,0,0,0
Moai,0,1.0,0.5,0,0,0,6.0,5.0,4.0,1.0,0,0,0,0,0,0,0,0,0,0,0,0,0,0,1.0,0,0,1.0,0.5,0,0,0,0.25,0.5,0,1.0,0,0
Kyrios,0,0,0,1.0,1.0,0,0,0.25,0.5,0.5,0.5,1.0,0.5,1.0,0.5,1.0,1.0,0.25,0.666666666667,0.666666666667,2.0,1.0,0.666666666667,0,0,0,0,0.25,0.2,0.5,1.0,0.5,0,0,0,0,0.333333333333,0.5
Hypnotik,0,13.0,2.0,3.5,7.5,6.0,3.66666666667,6.33333333333,5.0,3.66666666667,3.83333333333,5.5,3.75,4.66666666667,5.0,0,0,0,6.0,7.0,13.0,25.0,25.0,9.0,3.75,3.66666666667,5.5,16.5,5.0,4.25,6.33333333333,8.0,4.0,3.0,1.6,5.0,3.66666666667,8.0
Breakout Type-S,0,5.0,5.0,5.0,1.0,0.666666666667,2.0,2.5,3.0,4.0,2.5,2.5,3.0,3.0,0,0,1.5,1.5,1.0,0.333333333333,0.4,0.2,0,0,2.0,6.0,6.0,0.5,0.5,2.0,2.5,2.0,4.0,0,2.0,0,0,3.0
Octane,0,0,0,0,0,38.0,23.0,0,0,0,0,0,0,0,0,0,0,0,0,0,0,0,0,0,0,0,0,0,0,0,0,0,0,0,0,0,0,0
Road Hog,0,0,0,0,0,0,0,0,0,0,0,0,0,0,0,0,0,0,0,0,0,0,0,0,0,0,0,0,0,0,0,0,0,0,0,0,0,0
Thermal,0,0,0,0,0,0,0,0,0,0,0,0,0,0,0,2.0,2.0,2.0,2.0,1.0,0,0,0,0,0,0,0,0,0,0,0,0,0,0,0,0,0,0
Flamethrower,0,0,0,0,0,0,0,0,0,0,0,0,0,0,0,0,0,0,0,0,0,0,0,0,0,0,0,0,0,0,0,0,0,0,0,0,0,0
Looper,0,0,0,4.0,4.0,3.0,0,0,0,0,0,0,0,0,0,0,0,0,1.0,3.0,4.0,7.0,5.0,3.0,4.0,0,0,0,0,0,0,0,0,3.5,1.5,0.2,1.0,0
Standard,0,0,0,0,0,0,0,0,0,0,0,0,0,0,0,0,0,0,0,0,0,0,0,0,0,0,0,0,0,0,0,0,0,0,0,0,0,0
Mariachi Hat,0,0,0,0,0,0,0,0,0,0,0,0,0,0,0,0,0,0,0,0,0,0,0,0,0,0,0,0,0,0,0,0,0,0,0,0,0,0
Proton,0,0,0,0,2.0,2.0,2.0,0,0,0,0,0,0,0,0,0,0,0,0,0,1.0,0,0,0,1.0,3.0,3.0,0,1.0,1.0,0,0,0,1.0,0,0,0,0
FSL,0,1.0,1.5,5.0,4.0,5.0,2.0,5.0,4.0,3.0,8.0,4.5,5.0,8.0,8.0,8.0,9.0,1.33333333333,1.0,1.5,2.5,4.0,4.0,0,0,0,3.0,1.0,4.0,0,0,0,0,0,0,0,5.5,6.0
Dragon Lord,0,0,0,0,0,0,0,0,0,0,0,0,0,0,0,0,0,0,0,0,0,0,1.0,0.5,0.5,0,0,0,0,0,0,0,0,0,0,0,0,0
Dune Racer,0,0,0,4.5,0.6,1.71428571429,3.0,3.0,2.75,0.666666666667,0.5,0.5,0.333333333333,0.666666666667,0.25,0.2,0.2,0.25,0.333333333333,0,0.25,0.25,0.25,0.25,0.333333333333,0.25,2.0,1.83333333333,3.0,0.666666666667,1.0,1.6,1.6,1.66666666667,2.0,12.0,2.0,2.0
Rose King,0,0,0,0,0,0,0,0,0,0,0,0,1.0,1.0,1.0,0,0,0,0,0,0,0,0,0,0,0,0,0,0,0,0,0,0,0,0,0,0,0
Heiwa,0,0,0,0,0,0,0,0,0,0,0,0,0,0,0,0,0,0,0,0,0,0,0,0,0,0,0,0,0,0,0,0,0,0,0,0,0,0
Super RX-T,0,0,0,0,0,0,0,0,0,0,0,0,0,0,0,0,0,0,0,0,0,0,0,0,0,0,0,0,0,0,0,0,0,0,0,0,0,0
Tribal,0,0,0,0,0,0,0,0,0,0,0,0,0,0,0,0,0,0,0,0,0,0,0,0,0,0,0,0,0,0,0,0,0,0,0,0,0,0
Treasure,0,0,0,0,0,0,0,3.0,2.0,2.0,1.0,0.5,0.5,0.5,0.5,0.5,1.0,2.0,2.0,2.0,0,0,0,0,0,0,3.0,0,2.0,2.0,0,0,0,0,1.0,2.0,0,0
Ninja,0,0,0,0,0,0,0,0,0,0,0,0,0,0,0,0,0,0,0,0,0,0,0,0,1.0,0.333333333333,0.4,0.4,0,0.5,2.0,1.0,0,0,0,0,0,0
Discotheque,0,0,0.5,1.33333333333,4.0,2.0,0,1.0,1.0,0.5,0.5,0.5,1.5,2.0,1.0,2.0,1.0,1.0,0.333333333333,0.333333333333,1.0,4.0,3.0,1.0,0.666666666667,0.333333333333,1.0,1.0,0.5,3.0,0.5,0,2.0,5.0,0.333333333333,0.5,1.0,1.0
Nice Slice,0,0,0,0,0,5.0,7.0,0,0,4.0,3.0,0,4.0,4.0,4.0,2.0,2.0,0,0,0,0,1.0,0,0,0,3.0,1.0,2.0,1.0,1.0,0,0,1.0,0,0,0.5,0,0.333333333333
Alchemist,0,0,0,0,0,0,0,0,0,0,0,0,0,0,0,0,0,0,0,0,0,0,0,0,0,0,0,0,0,0,0,0,0,0,0,0,0,0
Butterfly,0,0,0,0,0,1.0,0,1.0,0,0,0,0,0,0,0,0,0,0,0,0,0,0,0,0,0,0,0,0,0,0,0,0,0,0,0,0,0,1.0
Feather,0,0,0,0,1.0,3.0,0,0,0,0,0,0,0,0,0,0,0,0,0,0,0,0,0,0,0,1.0,0,0,0,0,0,0,0,0,0,0,0,0
Lone Wolf,0,0,0,0,2.0,5.0,6.0,0,0,0,1.5,1.0,0.8,0.8,1.0,1.0,1.66666666667,4.0,12.0,0,0,0,0,0,1.0,1.0,0,0,0,0,0,0,0,0,1.0,1.0,0,0
Veloce,0,0,0,0,0,0,0,0,0,0,0,0,0,0,0,0,0,0,0,0,0,0,0,0,0,0,0,0,0,0,0,0,0,0,0,0,0,0
Taco,0,0,0,0,0,1.0,1.5,3.0,0,3.0,2.0,2.0,2.0,2.0,2.0,0,1.0,1.0,0,1.0,0,0,0,0.5,2.0,0,1.0,1.0,2.0,0,0,0,0,0,0,2.0,0,0
Christmas Tree,0,0,0,0,0,0,0,0,0,0,0,0,0,0,0,0,0,0,0,0,0,0,0,0,0,0,0,0,0,0,0,0,0,0,0,0,0,0
Griffon,0,0,0,0,0,0,0,0,0,0,0,0,0,0,0,0,0,0,0,0,0,0,0,0,0,0,0,0,0,0,0,0,0,0,1.0,0,0,0
Dieci,0,0,0,0,0,0,0,0,0,0,0,0,0,0,0,0,0,0,0,0,0,0,0,0,0,0,0,0,0,0,0,0,0,0,0,0,0,0
Clamshell,0,1.0,0,0,0,0,0,0,0,0,0,0,0,0,0,0,0,0,0,0,0,0,0,0,0,0,0,0,0,0,0,0,0,0,1.0,1.0,0,0
Plunger,0,0,0,0,0,0,0,0,0,0,0,0,0,0,0,0,0,0,0,0,0,0,0,0,0,0,0,0,0,0,0,0,0,0,0,0,0,0
Harpoon,0,0,0,0,0,0,0,0,0,0,0,0,0,0,0,0,0,0,0,0,0,0,0,0,0,0,0,0,0,0,0,0,0,0,0,0,0,0
Balloon Dog,0,0,0,0,0,0,0,0,0,0,0,0,0,0,0,0,0,0,0,0,0,0,0,0,0,0,0,0,0,0,0,0,0,0,0,0,0,0
Foam Finger,0,0,0,0,0,0,0,0,0,0,0,0,0,0,0,0,0,0,0,0,0,0,0,0,0,0,0,0,0,0,0,0,0,0,0,0,0,0
Baseball Cap (B),0,0,0,0,0,0,0,0,0,0,0,0,0,0,0,0,0,0,0,0,0,0,0,0,0,0,0,0,0,0,0,0,0,0,0,0,0,0
Bowler,0,0,0,0,0,0,0,0,0,0,0,0,0,0,0,0,0,0,0,0,0,0,0,0,0,0,0,0,0,0,0,0,0,0,0,0,0,0
Venus Flytrap,0,0,0,0,0,0,0,0,0,0,0,0,0,0,0,0,0,0,0,0,0,0,0,0,0,0,0,0,0,0,0,0,0,0,0,0,0,0
Octopus,0,0,0,0,2.0,2.0,2.0,0,2.0,2.0,2.0,4.0,5.0,5.0,4.0,4.0,4.0,4.0,0,0,0,0,0,0,0,0,0,0,0,0,0,0,0,0,0,0,0,0
Knitted Yarn,0,0.333333333333,0,0,0,0,0,0,0,0,0,0,0,0,0,0,0,0,0,0,0,0,0,0,1.0,3.0,0.4,0.6,0.2,0,0,0,0,0,0,1.0,0,1.0
Christmas Wreath,0,0,0,0,0,0,0,0,0,0,0,0,0,0,0,0,0,0,0,1.0,1.0,1.0,0,0,0,0,0,0,0,0,0,0,0,0,0,0,0,0
Junk Food,0,2.0,1.0,0,0,0,0,4.0,3.0,0,0,0,0,0,0,0,0,0,0,0,0,1.0,1.0,0,0,2.0,1.0,0,1.0,1.0,0,0,0,0,0.5,1.0,0,0
Pigeon,0,0,1.0,0,1.0,0,0,4.0,4.0,1.0,1.0,2.0,2.0,0,0,0,0,0,0,0,0,0,1.0,1.0,0.5,0.25,0,0.666666666667,2.0,0,0,0,0,2.0,0,0,0,0
Burlap,0,0,0,0,0,0,0,0,0,0,0,0,0,0,0,0,0,0,0,0,0,0,0,0,0,0,0,0,0,0,0,0,0,0,0,0,0,0
Chusho,0,0,0,0,0,0,0,0,0,0,0,0,0,0,0,0,0,0,0,0,0,0,0,0,0,0,0,0,0,0,0,0,0,0,0,0,0,0
Helios,0,0,0,1.0,1.0,0,0,0,5.0,5.0,0,0,0,0,0,0,0,0.5,1.0,0.333333333333,0.6,0.666666666667,0.666666666667,0,0,0,0.333333333333,0.333333333333,0,0,4.0,4.0,0,0,0,0,0,0
Pixel Fire,0,0,0,0,0,0,0,0,0,0,0,0,0,0,0,0.5,0.5,0.5,0.5,0.5,0,0,0,1.0,2.0,0.5,2.0,1.0,1.0,1.0,0,0,0,0,0,0,0,0
Glossy Block,0,0,0,0,0,0,0,0,0,0,0,0,0,0,0,0,0,0,0,0,0,0,0,0,0,0,0,0,0,0,0,0,0,0,0,0,0,0
Circuit Board,0,0,0,0,0,0,0,0,0,0,0,0,0,0,0,0,0,0,0,0,0,0,0,0,0,0,0,0,0,0,0,0,0,0,0,0,0,0
Venom,0,4.0,7.0,0,0,0,0,0,0,0,0,0,0,0,0,0,0,0,0,0,0,0,0,0,0,0,0,0,0,0,0,0,0,0,0,0,0,0
Latte Saffron,0,0,0,0,0,0,0,0,0,0,0,0,0,0,0,0,0,0,0,0,0,0,0,0,0,0,0,0,0,0,0,0
Mariachi Hat Cobalt,0,0,0,0,0,0,0,0,0,0,0,0,0,0,0,0,0,0,0,0,0,0,0,0,0,0,0,0,0,0,0,0,0,0,0,0,0,0
Pirate's Hat Crimson,0,0,0,0,0,0,0,0,0,0,0,0,0,0,0,0,0,0,0,0,0,0,0,0,0,0,0,0,0,0,0,0,0,0,0,0
Balla-Carrà Saffron,0,0,0,0,0,0,0,0,0,0,0,0,0,0,0,0,0,0,0,0,0,0,0,0,0,0,0,0,0,0,0,0,0,0,0,0,0,0
Diomedes Purple,0,0,0,0,0,0,0,0,0,0,0,0,0,0,0,0,0,0,0,0,0,0,0,0,0,0,0,0,0,0,0,0
Hypnotik Lime,0,0,0,0,0,0,0,0,0,0,0,0,0,0,0,0,0,0,0,0,0,0,0,0,0,0,0,0,0,0,0,0,0,0,0,0,0,0
Hypnotik Purple,0,0,0,0,0,0,0,0,0,0,0,0,0,0,0,0,0,0,0,0,0,0,0,0,0,0,0,0,0,0,0,0,0,0,0
Samurai Lime,0,0,0,0,0,0,0,0,0,0,0,0,0,0,0,0,0,0,0,0,0
Toon Sketch Titanium White,0,0,0,0,0,0,0,0,0,0,0,0,0,0,0,0,0,0,0,0
Doughnut Eater Pink,0,0,0,0,0,0,0,0,0,0,0,0
REEVRB Purple,0,0,0,0,0,0,0,0,0,0,0,0,0,0,0
Hikari P5 Forest Green,0,0,0
Diomedes Pink,0,0,0,0
OEM Lime,0,0,0
Peppermint Grey,0,0,0
